"Customer ID",Recency_Days,Frequency,Total_Spend,Customer_Segment
18102,0,27,117190.67999999993,"VIP Gold"
14646,3,26,84077.61999999994,"VIP Gold"
14156,4,33,82545.91999999991,"VIP Gold"
13694,3,46,72612.92999999998,"VIP Gold"
14911,3,51,39399.45999999999,"VIP Gold"
13902,12,5,34095.259999999995,"VIP Gold"
15311,0,46,28004.96,"VIP Gold"
17949,0,35,27941.159999999996,"VIP Gold"
16029,5,18,21115.32,"VIP Gold"
17511,13,6,21046.03999999999,"VIP Gold"
17850,25,42,19419.68000000002,"VIP Gold"
15061,29,16,19283.279999999977,"VIP Gold"
17940,6,4,16329.35,"VIP Gold"
16779,3,14,14889.200000000004,"VIP Gold"
15760,10,2,13916.34,"VIP Gold"
13089,7,24,13242.39,"VIP Gold"
16754,0,5,12859.44,"VIP Gold"
16684,32,6,12477.720000000001,"Loyal Customer"
14527,0,27,12326.870000000003,"VIP Gold"
12918,6,1,10953.5,"VIP Gold"
14680,0,19,10819.370000000004,"VIP Gold"
13081,19,4,10149.76000000001,"VIP Gold"
14091,34,2,9530.08,"Loyal Customer"
14063,66,7,9471.5,Regular
15769,24,4,9405,"VIP Gold"
13798,8,16,9303.609999999995,"VIP Gold"
13408,4,15,9156.421999999995,"VIP Gold"
17841,0,32,9131.599999999999,"VIP Gold"
17920,0,14,8985.539999999995,"VIP Gold"
13777,13,9,8684.059999999998,"VIP Gold"
13093,8,12,8400.169999999998,"VIP Gold"
15768,4,15,8332.80999999998,"VIP Gold"
14258,11,5,8143.579999999999,"VIP Gold"
14031,17,9,8096.739999999992,"VIP Gold"
16705,27,6,7678.240999999996,"VIP Gold"
14160,6,6,7238.090000000001,"VIP Gold"
17448,0,22,7156.73000000002,"VIP Gold"
14298,25,8,7107.609999999995,"VIP Gold"
13340,0,3,6986.059999999997,"VIP Gold"
15413,71,5,6798.720000000001,Regular
12709,12,6,6518.44,"VIP Gold"
12471,3,19,6496.559999999996,"VIP Gold"
12482,33,5,6437.759999999999,"Loyal Customer"
17243,1,18,6388.089999999993,"VIP Gold"
14607,10,5,6375.270000000002,"VIP Gold"
15808,10,7,6265.789999999997,"VIP Gold"
14606,5,32,6241.979999999949,"VIP Gold"
18251,14,3,6110.49,"VIP Gold"
16525,11,10,5749.749999999999,"VIP Gold"
13206,7,9,5702.719999999999,"VIP Gold"
13767,1,11,5664.539999999999,"VIP Gold"
13680,26,6,5643.629999999994,"VIP Gold"
15856,20,7,5482.05,"VIP Gold"
13078,5,10,5467.67,"VIP Gold"
12921,6,9,5455.849999999994,"VIP Gold"
12748,5,30,5218.529999999994,"VIP Gold"
12931,0,12,5191.709999999999,"VIP Gold"
12539,96,2,5149.059999999999,Regular
17677,11,6,4998.600000000002,"VIP Gold"
17230,10,7,4928.639999999999,"VIP Gold"
14062,14,4,4857.45,"VIP Gold"
17675,6,13,4777.249999999999,"VIP Gold"
15251,14,3,4634.289999999999,"VIP Gold"
17865,28,8,4553.440000000003,"VIP Gold"
13162,17,6,4539.02,"VIP Gold"
17377,5,22,4534.65,"VIP Gold"
15601,5,9,4510.289999999996,"VIP Gold"
16118,32,1,4376.25,"Loyal Customer"
16210,4,9,4369.14,"VIP Gold"
12758,5,2,4340.049999999998,"VIP Gold"
12682,20,8,4294.369999999999,"VIP Gold"
16019,0,8,4264.32,"VIP Gold"
12681,5,7,4231.3499999999985,"VIP Gold"
13225,1,4,4071.630000000001,"VIP Gold"
16422,11,8,4057.3800000000006,"VIP Gold"
13319,0,12,4049.669999999999,"VIP Gold"
15498,36,2,3943.9199999999996,"Loyal Customer"
14299,11,6,3941.8,"VIP Gold"
14439,63,2,3939.0800000000004,Regular
12668,20,3,3867.579999999998,"VIP Gold"
15823,109,2,3867.17,"Churn Risk (Lost)"
14685,4,7,3866.3400000000006,"VIP Gold"
18223,11,6,3854.340000000001,"VIP Gold"
12647,11,8,3841.4599999999996,"VIP Gold"
12714,14,3,3835.1899999999996,"VIP Gold"
12437,5,6,3799.32,"VIP Gold"
13001,4,5,3709.409999999999,"VIP Gold"
12949,39,4,3669.029999999997,"Loyal Customer"
15523,3,6,3654.330000000001,"VIP Gold"
15291,19,10,3633.460000000001,"VIP Gold"
16746,8,9,3539.7999999999997,"VIP Gold"
14895,27,4,3538.1000000000013,"VIP Gold"
14459,31,1,3537.820999999999,"Loyal Customer"
16327,0,5,3496.0099999999984,"VIP Gold"
13564,4,9,3451.42,"VIP Gold"
14543,6,7,3442.9999999999995,"VIP Gold"
12510,4,6,3414.229999999998,"VIP Gold"
14952,39,5,3391.9400000000005,"Loyal Customer"
13952,39,2,3387.5100000000007,"Loyal Customer"
13881,10,2,3341.3,"VIP Gold"
15044,46,6,3308.4000000000015,"Loyal Customer"
14828,19,4,3305.84,"VIP Gold"
16713,39,7,3283.560000000001,"Loyal Customer"
18092,40,4,3245.0000000000005,"Loyal Customer"
12380,26,3,3217.3,"VIP Gold"
17428,103,4,3204.620000000001,"Churn Risk (Lost)"
15382,35,2,3156.1300000000033,"Loyal Customer"
16067,1,2,3133.7100000000005,"VIP Gold"
16200,36,7,3107.49,"Loyal Customer"
17404,41,3,3055.87,"Loyal Customer"
12472,7,5,3029.429999999998,"VIP Gold"
12835,13,17,3013.8699999999976,"VIP Gold"
13097,25,7,3002.7799999999997,"VIP Gold"
16843,29,4,3002.010000000001,"VIP Gold"
13758,52,4,2995.6500000000005,"Loyal Customer"
14051,7,6,2980.0199999999995,"VIP Gold"
17858,29,5,2975.380000000001,"VIP Gold"
17138,7,3,2966.68,"VIP Gold"
14739,6,6,2949.12,"VIP Gold"
15640,39,5,2939.3499999999985,"Loyal Customer"
14667,14,8,2891.8999999999987,"VIP Gold"
15093,19,4,2853.3399999999992,"VIP Gold"
14040,7,7,2840.79,"VIP Gold"
14134,34,4,2805.1399999999994,"Loyal Customer"
13178,20,4,2770.4199999999987,"VIP Gold"
13935,12,2,2742.12,"VIP Gold"
17716,5,4,2734.08,"VIP Gold"
15998,6,6,2722.009999999998,"VIP Gold"
12957,18,2,2716.9599999999996,"VIP Gold"
14016,7,3,2713.3399999999992,"VIP Gold"
16013,21,6,2694.33,"VIP Gold"
15615,10,6,2684.7000000000007,"VIP Gold"
14085,4,7,2640.2700000000004,"VIP Gold"
17133,8,1,2613.6200000000003,"VIP Gold"
14286,19,3,2613.0200000000013,"VIP Gold"
17139,38,3,2611.21,"Loyal Customer"
14961,105,2,2608.4699999999993,"Churn Risk (Lost)"
16986,53,6,2591.8500000000013,"Loyal Customer"
12980,35,3,2591.2799999999997,"Loyal Customer"
13468,5,11,2588.2599999999998,"VIP Gold"
16550,4,6,2581.17,"VIP Gold"
17593,28,4,2557.1499999999996,"VIP Gold"
15513,4,3,2496.92,"VIP Gold"
12540,4,6,2496.620000000001,"VIP Gold"
15270,6,6,2479.0599999999995,"VIP Gold"
16467,13,4,2475.08,"VIP Gold"
13599,18,4,2472.7200000000003,"VIP Gold"
17409,18,3,2472.46,"VIP Gold"
17157,20,8,2432.3799999999987,"VIP Gold"
15372,41,4,2416.08,"Loyal Customer"
12455,6,2,2414.3399999999997,"VIP Gold"
14081,35,6,2405.880000000004,"Loyal Customer"
15984,6,8,2405.840000000001,"VIP Gold"
13027,12,5,2400,"VIP Gold"
17364,11,6,2360.4700000000007,"VIP Gold"
16749,104,1,2343.72,"Churn Risk (Lost)"
13004,4,7,2333.5400000000013,"VIP Gold"
13831,21,6,2310.3200000000006,"VIP Gold"
12678,80,2,2310.3000000000006,Regular
16077,5,1,2300.4,"VIP Gold"
15738,11,8,2285.690000000001,"VIP Gold"
15179,26,3,2283.87,"VIP Gold"
12524,5,3,2282.58,"VIP Gold"
18051,14,7,2282.2799999999997,"VIP Gold"
17032,32,4,2278.4500000000007,"Loyal Customer"
17706,69,2,2278.0700000000006,Regular
16636,10,2,2271.1499999999996,"VIP Gold"
16553,4,6,2255.9599999999996,"VIP Gold"
16985,35,4,2252.35,"Loyal Customer"
15005,8,9,2231.330000000001,"VIP Gold"
15538,21,3,2220.6499999999996,"VIP Gold"
13174,24,4,2185.7300000000014,"VIP Gold"
17965,28,5,2181.68,"VIP Gold"
16984,5,2,2159.3400000000024,"VIP Gold"
13373,1,2,2154.85,"VIP Gold"
14769,6,4,2141.370000000001,"VIP Gold"
17305,28,1,2135.46,"VIP Gold"
17809,14,4,2132.9300000000003,"VIP Gold"
13931,3,4,2131.4200000000005,"VIP Gold"
16335,10,5,2114.0500000000006,"VIP Gold"
12490,20,6,2112.01,"VIP Gold"
15867,3,7,2103.5100000000025,"VIP Gold"
15874,17,5,2102.1600000000003,"VIP Gold"
13941,19,4,2084.21,"VIP Gold"
17581,10,8,2049.0000000000005,"VIP Gold"
14030,35,5,2045.1400000000012,"Loyal Customer"
15633,8,6,2038.7799999999993,"VIP Gold"
13327,27,4,2037.0700000000004,"VIP Gold"
14849,1,4,2024.6999999999994,"VIP Gold"
12477,3,1,2021.2299999999998,"VIP Gold"
13316,19,1,2017.3599999999997,"VIP Gold"
13085,59,6,2017.1999999999994,"Loyal Customer"
13735,32,3,2014.7099999999998,"Loyal Customer"
16772,80,2,2001.0999999999997,Regular
17508,24,3,1992.9500000000007,"VIP Gold"
18231,1,8,1992.7400000000002,"VIP Gold"
17160,4,4,1992.6900000000003,"VIP Gold"
13091,109,2,1976.0000000000005,"Churn Risk (Lost)"
14669,13,4,1973.9400000000012,"VIP Gold"
14735,1,8,1958.0000000000007,"VIP Gold"
13141,7,4,1953.8400000000006,"VIP Gold"
12557,102,1,1952.64,"Churn Risk (Lost)"
13148,7,5,1950.680000000001,"VIP Gold"
12978,25,4,1946.4599999999987,"VIP Gold"
14135,25,3,1942.28,"VIP Gold"
17340,8,2,1940.7400000000005,"VIP Gold"
15547,4,3,1936.41,"VIP Gold"
16709,54,2,1926.1500000000003,"Loyal Customer"
18172,6,4,1926.0099999999998,"VIP Gold"
12623,27,2,1923.8200000000004,"VIP Gold"
14560,25,8,1919.8000000000002,"VIP Gold"
16718,18,3,1918.3799999999999,"VIP Gold"
18087,26,7,1913.1000000000001,"VIP Gold"
18225,10,3,1886.16,"VIP Gold"
16670,4,3,1874.6099999999997,"VIP Gold"
14440,26,3,1859.15,"VIP Gold"
16125,11,6,1847.2999999999997,"VIP Gold"
17576,6,8,1845.2800000000016,"VIP Gold"
15078,20,5,1839.86,"VIP Gold"
16556,26,4,1836.63,"VIP Gold"
15194,12,5,1815.39,"VIP Gold"
12531,66,1,1807.9799999999996,Regular
13668,4,5,1804.9299999999998,"VIP Gold"
15358,25,5,1801.050000000001,"VIP Gold"
13267,10,5,1795.0700000000002,"VIP Gold"
13214,8,2,1791.9800000000002,"VIP Gold"
16336,11,2,1787.9000000000003,"VIP Gold"
17082,5,3,1785.380000000001,"VIP Gold"
17739,40,4,1780.4199999999996,"Loyal Customer"
17400,38,2,1775.310000000001,"Loyal Customer"
18041,0,6,1766.5599999999997,"VIP Gold"
18061,7,8,1757.3100000000002,"VIP Gold"
15079,6,3,1755.9600000000007,"VIP Gold"
13869,6,2,1755.0399999999997,"VIP Gold"
15222,7,6,1739.3600000000001,"VIP Gold"
12435,17,2,1736.88,"VIP Gold"
13983,13,3,1732.3099999999997,"VIP Gold"
15544,19,4,1721.9699999999993,"VIP Gold"
16104,1,5,1715.3200000000013,"VIP Gold"
15911,3,8,1702.340000000001,"VIP Gold"
14505,36,3,1698.3200000000008,"Loyal Customer"
16954,27,3,1690.9600000000005,"VIP Gold"
14831,60,3,1676.5699999999997,Regular
15555,56,3,1675.2900000000002,"Loyal Customer"
16736,103,3,1671.1299999999999,"Churn Risk (Lost)"
15898,19,7,1669.3999999999992,"VIP Gold"
17044,19,2,1655.8600000000004,"VIP Gold"
13478,12,3,1650.5100000000011,"VIP Gold"
13448,60,3,1649.3999999999994,Regular
17625,57,2,1648.9399999999996,"Loyal Customer"
12989,11,7,1648.6399999999999,"VIP Gold"
15514,33,4,1642.5399999999997,"Loyal Customer"
15719,13,6,1640.2000000000019,"VIP Gold"
13199,5,8,1639.72,"VIP Gold"
17873,4,5,1638.8499999999995,"VIP Gold"
15480,56,2,1636.3799999999997,"Loyal Customer"
16735,5,4,1632.3399999999992,"VIP Gold"
13491,20,6,1628.7,"VIP Gold"
14841,25,4,1627.59,"VIP Gold"
12731,27,1,1626.3999999999999,"VIP Gold"
17700,20,3,1619.57,"VIP Gold"
13394,39,4,1619.41,"Loyal Customer"
17107,57,1,1614.3899999999999,"Loyal Customer"
14110,3,5,1605.2899999999997,"VIP Gold"
17611,8,4,1604.370000000001,"VIP Gold"
13562,54,3,1600.0000000000007,"Loyal Customer"
15805,42,3,1597.019999999999,"Loyal Customer"
15002,40,3,1595.2700000000004,"Loyal Customer"
17754,17,4,1590.379999999999,"VIP Gold"
13357,7,2,1573.0700000000006,"VIP Gold"
13044,25,4,1565.5000000000011,"VIP Gold"
16933,18,3,1562.86,"VIP Gold"
12683,48,3,1557.6599999999999,"Loyal Customer"
12917,110,1,1552.9,"Churn Risk (Lost)"
13209,1,2,1547.5800000000004,"VIP Gold"
16858,8,5,1546.9599999999996,"VIP Gold"
17085,14,7,1545.3700000000003,"VIP Gold"
13557,4,6,1525.38,"VIP Gold"
16560,7,4,1524.46,"VIP Gold"
12359,6,4,1522.23,"VIP Gold"
12431,25,3,1514.8600000000004,"VIP Gold"
15425,8,2,1509.670000000001,"VIP Gold"
14194,26,3,1509.3899999999999,"VIP Gold"
16771,25,3,1506.5400000000013,"VIP Gold"
15032,109,1,1505.4,"Churn Risk (Lost)"
16945,12,5,1504.0600000000002,"VIP Gold"
12747,20,6,1502.89,"VIP Gold"
13819,49,3,1502.0000000000002,"Loyal Customer"
14590,6,10,1495.2000000000003,"VIP Gold"
15482,8,5,1488.0300000000002,"VIP Gold"
16710,1,5,1485.4599999999998,"VIP Gold"
14422,18,4,1481.1799999999998,"VIP Gold"
17696,7,4,1481.0400000000002,"VIP Gold"
15465,10,8,1479.4800000000002,"VIP Gold"
13473,21,3,1472.44,"VIP Gold"
16917,12,1,1466.3100000000002,"VIP Gold"
16873,48,1,1460.7,"Loyal Customer"
15754,25,2,1460.2999999999997,"VIP Gold"
17799,10,3,1457.7900000000009,"VIP Gold"
15218,10,3,1455.3500000000001,"VIP Gold"
16656,6,4,1454.5200000000002,"VIP Gold"
16331,12,2,1452.1,"VIP Gold"
15622,25,1,1449.7400000000005,"VIP Gold"
17672,21,2,1449.1599999999996,"VIP Gold"
16652,12,1,1448.6400000000003,"VIP Gold"
17861,25,4,1446.1399999999996,"VIP Gold"
17589,1,2,1445.9100000000008,"VIP Gold"
15607,5,6,1444.1299999999997,"VIP Gold"
15421,29,3,1443.3299999999995,"VIP Gold"
14291,1,2,1439.8800000000008,"VIP Gold"
13543,14,2,1439.6100000000001,"VIP Gold"
14146,13,4,1433.6100000000006,"VIP Gold"
12358,111,1,1429.8300000000004,"Churn Risk (Lost)"
15039,0,10,1421.4300000000012,"VIP Gold"
14113,41,5,1421.19,"Loyal Customer"
17610,35,4,1417.690000000001,"Loyal Customer"
16701,20,4,1415.91,"VIP Gold"
14755,28,5,1411.4,"VIP Gold"
17465,8,4,1409.76,"VIP Gold"
12583,32,2,1409.4899999999998,"Loyal Customer"
13418,18,2,1409.2399999999998,"VIP Gold"
15497,54,3,1405.5100000000002,"Loyal Customer"
15641,64,3,1405.1600000000003,Regular
15527,0,6,1397.8900000000006,"VIP Gold"
12839,24,5,1397.6000000000001,"VIP Gold"
13426,19,3,1395.2300000000005,"VIP Gold"
14514,63,2,1393.6300000000008,Regular
15144,33,2,1392.8,"Loyal Customer"
14535,4,2,1390.7400000000014,"VIP Gold"
14290,21,2,1385.11,"VIP Gold"
13786,14,2,1384.13,"VIP Gold"
13407,41,1,1384.0199999999998,"Loyal Customer"
17512,5,4,1381.3900000000006,"VIP Gold"
13999,31,4,1377.4500000000005,"Loyal Customer"
12533,7,2,1367.8900000000008,"VIP Gold"
18008,14,4,1354.0499999999997,"VIP Gold"
12613,105,1,1350.8100000000002,"Churn Risk (Lost)"
13542,10,6,1349.5900000000004,"VIP Gold"
13037,24,4,1349.5499999999995,"VIP Gold"
17851,73,4,1344.6000000000004,Regular
15755,3,4,1339.9300000000005,"VIP Gold"
17213,20,4,1337.9500000000003,"VIP Gold"
14249,11,3,1337.6399999999996,"VIP Gold"
14401,28,4,1336.9400000000003,"VIP Gold"
16569,11,4,1331.03,"VIP Gold"
15614,6,1,1327.9800000000002,"VIP Gold"
14732,32,6,1327.1900000000003,"Loyal Customer"
13151,5,2,1322.8700000000006,"VIP Gold"
12621,11,2,1322.5200000000002,"VIP Gold"
17848,11,7,1318.16,"VIP Gold"
16131,117,1,1317.9700000000005,"Churn Risk (Lost)"
16296,6,4,1313.67,"VIP Gold"
15031,29,4,1312.3400000000001,"VIP Gold"
17829,35,1,1310.3000000000009,"Loyal Customer"
14709,7,4,1309.7500000000005,"VIP Gold"
15950,25,2,1308.46,"VIP Gold"
14329,31,3,1308.0800000000004,"Loyal Customer"
16353,48,9,1301.5,"Loyal Customer"
17241,13,4,1300.0899999999997,"VIP Gold"
14702,11,4,1299.7400000000002,"VIP Gold"
13958,22,3,1299.3000000000002,"VIP Gold"
16126,18,3,1297.6399999999999,"VIP Gold"
16700,19,4,1295.28,"VIP Gold"
16854,20,1,1290.8100000000004,"VIP Gold"
17819,29,3,1288.5,"VIP Gold"
17115,60,2,1280.9599999999996,Regular
13050,28,4,1278.66,"VIP Gold"
17412,57,4,1277.59,"Loyal Customer"
17231,14,6,1273.8999999999996,"VIP Gold"
17969,8,11,1266.4600000000007,"VIP Gold"
16057,35,2,1265.4300000000003,"Loyal Customer"
15838,20,2,1264.56,"VIP Gold"
15674,32,2,1264.2800000000007,"Loyal Customer"
17211,29,4,1263.0000000000007,"VIP Gold"
12872,22,4,1262.8699999999992,"VIP Gold"
14293,67,3,1259.3500000000006,Regular
14215,67,2,1259.1099999999994,Regular
13875,4,4,1255.7700000000004,"VIP Gold"
16716,10,1,1248.48,"VIP Gold"
18268,32,4,1247.2499999999998,"Loyal Customer"
15785,6,4,1243.4800000000005,"VIP Gold"
14341,5,5,1241.6100000000001,"VIP Gold"
12854,31,3,1240.8400000000008,"Loyal Customer"
17663,21,2,1240.46,"VIP Gold"
13156,48,2,1239.6000000000006,"Loyal Customer"
13823,18,3,1230.7400000000002,"VIP Gold"
17519,11,4,1230.73,"VIP Gold"
13590,33,3,1229.7800000000004,"Loyal Customer"
13047,25,3,1226.52,"VIP Gold"
15485,61,3,1222.92,Regular
12913,77,3,1220.73,Regular
12417,24,4,1220.19,"VIP Gold"
12497,24,1,1211.7599999999998,"VIP Gold"
15367,27,2,1211.62,"VIP Gold"
17539,8,3,1211.5700000000006,"VIP Gold"
13495,6,3,1210.5100000000004,"VIP Gold"
15296,67,1,1210.43,Regular
16940,41,2,1210.1300000000003,"Loyal Customer"
14593,26,5,1208.0000000000007,"VIP Gold"
14415,45,2,1202.32,"Loyal Customer"
14532,15,3,1202.28,"VIP Gold"
12742,5,1,1201.52,"VIP Gold"
15983,106,3,1199.5900000000001,"Churn Risk (Lost)"
13555,8,3,1194.3500000000001,"VIP Gold"
15712,50,3,1192.6,"Loyal Customer"
13334,32,1,1191.62,"Loyal Customer"
16923,3,3,1190.6100000000001,"VIP Gold"
14257,28,1,1189.3400000000001,"VIP Gold"
13371,12,1,1189.01,"VIP Gold"
13711,6,5,1183.3099999999997,"VIP Gold"
16875,12,2,1182.5,"VIP Gold"
13526,118,2,1182.0000000000005,"Churn Risk (Lost)"
14396,29,4,1180.9399999999998,"VIP Gold"
15321,32,3,1171.4200000000008,"Loyal Customer"
17372,1,9,1167.7599999999998,"VIP Gold"
14159,10,4,1162.580000000001,"VIP Gold"
13459,4,2,1160.4099999999996,"VIP Gold"
13615,1,2,1159.8400000000004,"VIP Gold"
17679,13,4,1159.5000000000002,"VIP Gold"
12549,61,4,1159.37,Regular
16742,11,6,1158.45,"VIP Gold"
12439,62,2,1158.1799999999996,Regular
12615,11,1,1155.4800000000005,"VIP Gold"
15946,13,1,1155.0200000000002,"VIP Gold"
14540,56,4,1143.9100000000005,"Loyal Customer"
14944,40,2,1143,"Loyal Customer"
14869,43,2,1142.4099999999999,"Loyal Customer"
12600,39,5,1133.07,"Loyal Customer"
17526,8,4,1130.45,"VIP Gold"
12733,69,1,1130.2199999999998,Regular
13762,29,2,1127.2800000000002,"VIP Gold"
14653,62,3,1126.03,Regular
13953,53,2,1125,"Loyal Customer"
15798,25,2,1124.6599999999999,"VIP Gold"
18178,17,2,1124.4200000000003,"VIP Gold"
16202,28,4,1122.0500000000002,"VIP Gold"
15369,56,4,1120,"Loyal Customer"
15623,8,3,1116.9799999999998,"VIP Gold"
18064,25,2,1116.36,"VIP Gold"
17457,80,2,1115.4,Regular
15312,13,4,1100.3000000000004,"VIP Gold"
15326,52,3,1090.37,"Loyal Customer"
13854,20,4,1089.8200000000002,"VIP Gold"
15298,7,3,1085.25,"VIP Gold"
14210,13,2,1082.6400000000003,"VIP Gold"
13576,35,3,1078.95,"Loyal Customer"
15203,24,3,1074.7899999999997,"VIP Gold"
16156,24,4,1073.7700000000002,"VIP Gold"
17603,59,2,1072.1100000000006,"Loyal Customer"
13520,46,2,1067.08,"Loyal Customer"
18168,0,4,1060.0800000000002,"VIP Gold"
15260,4,4,1057.4200000000003,"VIP Gold"
13982,33,2,1055.6399999999999,"Loyal Customer"
16253,69,2,1055.5300000000002,Regular
14970,8,3,1053.8,"VIP Gold"
13623,67,2,1050.0400000000004,Regular
15015,5,8,1048.52,"VIP Gold"
13173,27,5,1047.7000000000005,"VIP Gold"
16497,11,3,1046.2099999999998,"VIP Gold"
14307,7,3,1036.7600000000004,"VIP Gold"
14625,60,2,1034.0700000000002,Regular
14112,34,1,1033.5499999999997,"Loyal Customer"
13659,18,2,1032.8700000000001,"VIP Gold"
14546,50,2,1032.64,"Loyal Customer"
17389,6,2,1030.2200000000005,"VIP Gold"
12836,41,3,1024.22,"Loyal Customer"
17146,55,1,1023.6,"Loyal Customer"
13042,55,2,1022.2000000000006,"Loyal Customer"
14421,63,2,1021.4999999999995,Regular
17469,39,3,1020.9899999999999,"Loyal Customer"
12910,1,1,1017.96,"VIP Gold"
13641,20,5,1016.4700000000001,"VIP Gold"
16620,24,2,1009.8100000000001,"VIP Gold"
13313,7,4,1006.9700000000001,"VIP Gold"
16558,3,3,1005.64,"VIP Gold"
16003,5,3,997.2700000000002,"Loyal Customer"
12867,43,2,995.5699999999999,"Loyal Customer"
16619,35,1,995.2099999999999,"Loyal Customer"
15581,64,12,989.9800000000002,Regular
14564,115,1,989.1800000000001,"Churn Risk (Lost)"
15176,47,1,988.0400000000003,"Loyal Customer"
13993,28,3,987.66,"Loyal Customer"
15680,41,3,987.2100000000003,"Loyal Customer"
13783,19,2,985.44,"Loyal Customer"
14695,112,2,984.0300000000001,"Churn Risk (Lost)"
13658,52,1,982.26,"Loyal Customer"
17188,26,3,981.19,"Loyal Customer"
13381,41,2,980.3900000000002,"Loyal Customer"
13753,31,2,977.2000000000003,"Loyal Customer"
17646,40,3,975.2499999999999,"Loyal Customer"
16510,3,3,974.98,"Loyal Customer"
13253,83,1,974.3900000000001,Regular
16722,11,3,971.23,"Loyal Customer"
17287,25,7,971.07,"Loyal Customer"
14465,13,4,969.2399999999999,"Loyal Customer"
13975,0,2,968.7999999999992,"Loyal Customer"
13013,20,2,968.5100000000003,"Loyal Customer"
13204,111,1,966.66,"Churn Risk (Lost)"
17961,6,27,966.0000000000003,"Loyal Customer"
17113,5,3,961.83,"Loyal Customer"
16308,104,1,960,"Churn Risk (Lost)"
15858,11,4,959.5699999999999,"Loyal Customer"
14161,15,2,957.0999999999999,"Loyal Customer"
15586,39,2,955.2600000000002,"Loyal Customer"
14256,74,1,953.5000000000006,Regular
13764,22,2,953.2400000000001,"Loyal Customer"
15727,64,1,950.7200000000001,Regular
17905,15,6,947.0799999999999,"Loyal Customer"
17165,5,3,945.93,"Loyal Customer"
14327,10,3,945.3200000000002,"Loyal Customer"
13317,40,2,944.8700000000001,"Loyal Customer"
14896,24,4,938.9900000000002,"Loyal Customer"
13269,32,5,938.2200000000001,"Loyal Customer"
14770,32,1,936.2800000000001,"Loyal Customer"
17059,20,2,936.0300000000003,"Loyal Customer"
17954,1,5,935.7800000000007,"Loyal Customer"
15046,53,3,935.0300000000004,"Loyal Customer"
16584,41,1,931.7200000000003,"Loyal Customer"
12396,54,1,931.4300000000006,"Loyal Customer"
13503,41,2,931.02,"Loyal Customer"
14649,24,2,929.1400000000002,"Loyal Customer"
16017,11,3,927.3500000000005,"Loyal Customer"
12823,6,3,924.5,"Loyal Customer"
14032,63,3,922.9800000000001,Regular
15494,109,1,917.7599999999996,"Churn Risk (Lost)"
16485,36,2,917.74,"Loyal Customer"
12368,8,1,917.6999999999999,"Loyal Customer"
17238,13,4,915.1100000000002,"Loyal Customer"
15456,32,4,914.6500000000002,"Loyal Customer"
14136,24,3,909.23,"Loyal Customer"
16366,60,2,908.8900000000003,Regular
16351,21,5,907.9400000000003,"Loyal Customer"
14969,83,1,906.23,Regular
13693,64,5,904.4100000000001,Regular
18077,10,5,903.5699999999999,"Loyal Customer"
17191,3,3,900.3699999999999,"Loyal Customer"
13593,8,3,898.8999999999995,"Loyal Customer"
15380,4,4,897.74,"Loyal Customer"
17145,38,1,897.0300000000005,"Loyal Customer"
14282,42,1,897,"Loyal Customer"
16711,5,3,895.65,"Loyal Customer"
16918,18,4,894.3400000000003,"Loyal Customer"
14466,29,4,892.3000000000001,"Loyal Customer"
13393,35,3,888.3700000000003,"Loyal Customer"
15916,21,3,884.46,"Loyal Customer"
15003,6,5,883.9000000000005,"Loyal Customer"
12406,77,1,881.2000000000003,Regular
13768,106,2,875.97,"Churn Risk (Lost)"
13901,40,2,875.5899999999998,"Loyal Customer"
18170,21,3,874.05,"Loyal Customer"
16186,14,2,873.9900000000001,"Loyal Customer"
15077,110,1,873.4799999999999,"Churn Risk (Lost)"
16283,29,1,873.12,"Loyal Customer"
13451,8,1,872.9399999999996,"Loyal Customer"
16938,40,1,869.8199999999998,"Loyal Customer"
13771,32,1,869.5600000000001,"Loyal Customer"
12500,13,5,869.4900000000002,"Loyal Customer"
12644,50,2,868.1300000000002,"Loyal Customer"
14898,32,3,867.9100000000003,"Loyal Customer"
12523,17,4,866.84,"Loyal Customer"
12483,13,4,865.9,"Loyal Customer"
15057,5,2,865.0400000000002,"Loyal Customer"
16300,5,2,863.47,"Loyal Customer"
17884,56,6,863.3900000000002,"Loyal Customer"
16532,0,1,861.5999999999999,"Loyal Customer"
16719,19,3,860.5900000000001,"Loyal Customer"
17529,77,1,858.27,Regular
13446,24,2,856.3600000000002,"Loyal Customer"
12820,34,3,854.8499999999999,"Loyal Customer"
15389,61,1,854.8,Regular
18094,81,1,854.72,Regular
17640,5,2,853.02,"Loyal Customer"
13871,1,2,853.0000000000002,"Loyal Customer"
14175,7,1,851.96,"Loyal Customer"
16563,39,2,851.4200000000001,"Loyal Customer"
15810,7,2,849.1999999999999,"Loyal Customer"
17025,21,1,848.7,"Loyal Customer"
16036,0,1,848.6800000000001,"Loyal Customer"
16727,1,2,848.4399999999999,"Loyal Customer"
13715,18,1,848.0299999999999,"Loyal Customer"
12645,26,2,846.7400000000001,"Loyal Customer"
14857,14,2,843.4710000000001,"Loyal Customer"
15059,36,4,842.87,"Loyal Customer"
17638,27,2,842.3999999999999,"Loyal Customer"
14442,70,1,838.7499999999999,Regular
16163,111,2,838.2800000000002,"Churn Risk (Lost)"
18252,3,4,836.9200000000002,"Loyal Customer"
17913,22,4,832.4100000000001,"Loyal Customer"
13895,116,1,831.0000000000002,"Churn Risk (Lost)"
17774,13,2,823.28,"Loyal Customer"
16320,61,1,823.1500000000001,Regular
17941,39,2,822.72,"Loyal Customer"
13421,43,3,819.4899999999999,"Loyal Customer"
13018,28,2,818.6999999999998,"Loyal Customer"
13612,12,1,818.29,"Loyal Customer"
13294,26,1,815.7899999999998,"Loyal Customer"
13377,25,1,815.3200000000002,"Loyal Customer"
17612,10,3,812.82,"Loyal Customer"
15751,22,7,810.92,"Loyal Customer"
13152,36,2,810.82,"Loyal Customer"
12843,6,4,810.6,"Loyal Customer"
13855,101,2,809.0999999999999,"Churn Risk (Lost)"
12708,29,3,808.3199999999999,"Loyal Customer"
14195,14,1,807.2,"Loyal Customer"
14640,4,2,807.1,"Loyal Customer"
17838,5,3,806.6700000000004,"Loyal Customer"
14099,59,2,805.3600000000004,"Loyal Customer"
12971,45,4,803.9499999999999,"Loyal Customer"
13538,36,2,803.54,"Loyal Customer"
16409,41,2,802.9000000000001,"Loyal Customer"
13848,8,2,800,"Loyal Customer"
18215,3,1,798.55,"Loyal Customer"
13635,104,2,797.1500000000001,"Churn Risk (Lost)"
14824,17,1,795.5000000000005,"Loyal Customer"
16400,21,2,793.9100000000001,"Loyal Customer"
16732,111,1,792.8399999999999,"Churn Risk (Lost)"
12939,33,2,787.5,"Loyal Customer"
13965,49,2,786.0100000000001,"Loyal Customer"
13527,64,2,784.59,Regular
16281,62,1,781.52,Regular
15249,3,1,780.92,"Loyal Customer"
17876,55,1,777.4,"Loyal Customer"
15794,116,2,777,"Churn Risk (Lost)"
16461,26,1,776.6499999999997,"Loyal Customer"
12370,4,3,774.6200000000001,"Loyal Customer"
15329,5,3,774.1700000000002,"Loyal Customer"
18065,45,4,773.2300000000001,"Loyal Customer"
15732,6,6,771.5800000000004,"Loyal Customer"
14967,39,2,769.61,"Loyal Customer"
14626,81,2,768.9800000000001,Regular
13883,14,3,767.5999999999999,"Loyal Customer"
15051,41,2,766.1199999999999,"Loyal Customer"
17690,12,2,765.3699999999999,"Loyal Customer"
17075,12,4,763.18,"Loyal Customer"
16103,27,3,763.0999999999999,"Loyal Customer"
12373,4,2,763.05,"Loyal Customer"
16004,12,2,762.74,"Loyal Customer"
12426,42,1,762.4800000000002,"Loyal Customer"
13946,14,2,760.95,"Loyal Customer"
12986,21,2,760.72,"Loyal Customer"
14525,41,3,760.5399999999998,"Loyal Customer"
12727,34,1,759.3200000000002,"Loyal Customer"
16225,7,4,758.4700000000003,"Loyal Customer"
13338,83,1,757.0999999999999,Regular
14388,25,2,756.8399999999999,"Loyal Customer"
16258,19,1,754.9500000000002,"Loyal Customer"
14496,13,1,754.2599999999996,"Loyal Customer"
12391,35,2,750.4900000000002,"Loyal Customer"
13415,10,3,749.6700000000002,"Loyal Customer"
16456,0,1,749.28,"Loyal Customer"
15439,33,2,748.85,"Loyal Customer"
14639,41,1,745.4699999999999,"Loyal Customer"
15466,116,1,744.2099999999999,"Churn Risk (Lost)"
16143,39,2,743.87,"Loyal Customer"
16554,4,2,743.7900000000001,"Loyal Customer"
17496,7,2,743.14,"Loyal Customer"
15570,1,1,742.4099999999999,"Loyal Customer"
13481,14,2,739.1800000000002,"Loyal Customer"
13815,45,1,738.8599999999999,"Loyal Customer"
12631,73,1,738.1800000000001,Regular
15673,35,1,737.5600000000001,"Loyal Customer"
12422,43,2,737.25,"Loyal Customer"
14068,29,2,736.38,"Loyal Customer"
15795,24,4,736.2299999999998,"Loyal Customer"
16523,27,2,735.13,"Loyal Customer"
16717,28,2,733.89,"Loyal Customer"
13552,38,2,732.9599999999999,"Loyal Customer"
16791,20,3,732.7999999999998,"Loyal Customer"
15812,25,3,732.2300000000002,"Loyal Customer"
14870,28,2,732.1,"Loyal Customer"
17477,27,1,731.72,"Loyal Customer"
15299,76,1,731.52,Regular
14408,10,2,730.4400000000002,"Loyal Customer"
16891,12,4,729.6300000000002,"Loyal Customer"
13802,15,2,729.5600000000002,"Loyal Customer"
16170,3,2,729.0800000000003,"Loyal Customer"
16176,0,1,728.3899999999999,"Loyal Customer"
14045,24,2,726,"Loyal Customer"
16912,36,2,725.8400000000001,"Loyal Customer"
14343,14,2,725.6900000000003,"Loyal Customer"
15955,18,2,725.1800000000001,"Loyal Customer"
13192,66,1,724.9200000000002,Regular
18187,11,1,724.8900000000003,"Loyal Customer"
12703,13,3,722.98,"Loyal Customer"
13736,113,1,720.7900000000001,"Churn Risk (Lost)"
14648,11,4,718.2600000000002,"Loyal Customer"
13604,38,1,717.6199999999999,"Loyal Customer"
13397,41,2,716.1400000000001,"Loyal Customer"
12589,69,1,715.5000000000001,Regular
13360,74,2,715.1500000000001,Regular
15865,83,1,714.0499999999997,Regular
14092,34,3,714.04,"Loyal Customer"
17596,13,2,711.9499999999995,"Loyal Customer"
14064,29,2,711.9100000000001,"Loyal Customer"
17018,80,2,708.6,Regular
12484,29,3,706.8000000000001,"Loyal Customer"
17478,13,1,706.1999999999999,"Loyal Customer"
13110,33,3,705.8,"Loyal Customer"
16787,1,2,705.1600000000005,"Loyal Customer"
14292,10,1,704.5799999999999,"Loyal Customer"
14038,53,1,704.5500000000001,"Loyal Customer"
14284,33,1,704.3999999999999,"Loyal Customer"
15550,55,4,700.7099999999999,"Loyal Customer"
15722,4,2,698.0299999999997,"Loyal Customer"
13634,15,3,697.07,"Loyal Customer"
16275,21,1,695.84,"Loyal Customer"
14867,27,6,695.29,"Loyal Customer"
14404,21,4,694.7000000000004,"Loyal Customer"
14080,8,3,694.65,"Loyal Customer"
14628,21,2,693.7300000000002,"Loyal Customer"
17406,53,2,693.12,"Loyal Customer"
14239,36,5,693.0900000000001,"Loyal Customer"
16150,13,2,692.98,"Loyal Customer"
13821,73,3,692.2,Regular
17742,26,3,691.71,"Loyal Customer"
12779,28,2,690.6799999999995,"Loyal Customer"
15484,114,1,689.5000000000003,"Churn Risk (Lost)"
17504,1,2,688.2100000000002,"Loyal Customer"
17644,1,2,687.6500000000001,"Loyal Customer"
16608,43,1,687.4000000000002,"Loyal Customer"
15023,54,1,687.0800000000002,"Loyal Customer"
14809,1,2,686.7600000000001,"Loyal Customer"
16768,1,3,686.6799999999998,"Loyal Customer"
15167,53,1,686.0300000000002,"Loyal Customer"
16329,25,2,685.2499999999999,"Loyal Customer"
17966,3,3,684.89,"Loyal Customer"
16168,8,4,684.58,"Loyal Customer"
12976,18,2,684.2200000000001,"Loyal Customer"
16782,8,3,684.1699999999996,"Loyal Customer"
13410,78,2,682.92,Regular
14399,13,2,682.4999999999999,"Loyal Customer"
14548,113,2,680.2799999999999,"Churn Risk (Lost)"
14151,53,2,679.45,"Loyal Customer"
16011,18,4,679.4300000000002,"Loyal Customer"
16271,22,1,679.04,"Loyal Customer"
13979,28,2,678.4900000000001,"Loyal Customer"
13082,3,3,677.7,"Loyal Customer"
16946,19,2,677.0400000000001,"Loyal Customer"
16147,52,1,674.6400000000001,"Loyal Customer"
18145,83,2,673.74,Regular
16087,56,2,671.8,"Loyal Customer"
15279,10,2,665.53,"Loyal Customer"
13722,26,1,664.54,"Loyal Customer"
13583,59,1,664.001,"Loyal Customer"
17449,22,2,663.8299999999997,"Loyal Customer"
13293,6,2,662.87,"Loyal Customer"
18259,60,2,662.7,Regular
14522,4,3,661.5400000000002,"Loyal Customer"
14643,7,2,661.48,"Loyal Customer"
13629,46,1,660,"Loyal Customer"
18229,69,2,660,Regular
17416,105,1,659.4000000000002,"Churn Risk (Lost)"
13622,76,1,658.95,Regular
16159,27,2,657.01,"Loyal Customer"
14101,1,1,656.7200000000001,"Loyal Customer"
14400,11,1,656.2500000000001,"Loyal Customer"
14676,19,1,655.92,"Loyal Customer"
13510,56,2,655.58,"Loyal Customer"
14558,34,3,655.4999999999999,"Loyal Customer"
13021,10,2,653.26,"Loyal Customer"
13131,48,1,651.4100000000002,"Loyal Customer"
12598,26,2,649.7099999999999,"Loyal Customer"
13571,5,4,649.3999999999996,"Loyal Customer"
17642,0,2,648.7100000000003,"Loyal Customer"
15953,29,3,647.4799999999999,"Loyal Customer"
17351,41,4,647.1300000000002,"Loyal Customer"
14105,101,1,646.3000000000001,"Churn Risk (Lost)"
14225,76,1,643.5,Regular
13611,5,2,640.7900000000002,"Loyal Customer"
17681,8,3,640.5999999999999,"Loyal Customer"
16950,29,2,640.5699999999999,"Loyal Customer"
13077,102,2,639.8400000000001,"Churn Risk (Lost)"
13330,34,1,638.5699999999999,"Loyal Customer"
16416,34,1,637.44,"Loyal Customer"
17685,46,1,636.9,"Loyal Customer"
16534,22,1,635.9000000000002,"Loyal Customer"
18272,25,1,635,"Loyal Customer"
17220,19,4,634.9399999999996,"Loyal Customer"
13074,69,2,634,Regular
16027,20,5,633.9000000000001,"Loyal Customer"
12809,27,1,633.6800000000001,"Loyal Customer"
12972,27,2,633.6100000000001,"Loyal Customer"
15443,3,3,631.8999999999997,"Loyal Customer"
15309,19,3,630.7100000000002,"Loyal Customer"
13889,31,2,630.68,"Loyal Customer"
18194,60,1,630.32,Regular
17095,11,2,629.93,"Loyal Customer"
13613,6,2,627.5,"Loyal Customer"
16905,10,4,626.4499999999999,"Loyal Customer"
17342,41,2,626.14,"Loyal Customer"
17091,42,2,624.8800000000001,"Loyal Customer"
14796,10,3,624.1499999999999,"Loyal Customer"
17049,25,1,620.5400000000002,"Loyal Customer"
16634,0,2,619.1999999999997,"Loyal Customer"
16303,11,1,618.36,"Loyal Customer"
16795,63,1,617.9699999999997,Regular
14530,7,3,617.4499999999998,"Loyal Customer"
17365,22,2,616.9499999999999,"Loyal Customer"
13872,6,2,616.4300000000001,"Loyal Customer"
16255,15,2,616.17,"Loyal Customer"
15030,11,2,615.6,"Loyal Customer"
17797,6,3,613.47,"Loyal Customer"
12926,27,2,612.4,"Loyal Customer"
17209,29,3,611.6,"Loyal Customer"
13870,49,1,611.54,"Loyal Customer"
16592,64,2,609.28,Regular
18106,29,3,609.0299999999999,"Loyal Customer"
17147,6,2,608.8700000000001,"Loyal Customer"
18171,11,2,607.7500000000001,"Loyal Customer"
12371,25,2,607.6800000000001,"Loyal Customer"
17931,25,5,606.68,"Loyal Customer"
14861,53,3,606.3599999999999,"Loyal Customer"
13107,53,1,606.3,"Loyal Customer"
14451,8,3,605.0299999999999,"Loyal Customer"
15793,6,2,604.9599999999999,"Loyal Customer"
14878,18,5,604.8700000000001,"Loyal Customer"
13417,49,1,604.0999999999999,"Loyal Customer"
15803,56,1,603.8000000000002,"Loyal Customer"
15841,99,2,603.75,Regular
13756,33,3,601.2799999999999,"Loyal Customer"
17029,19,2,601,"Loyal Customer"
16686,15,3,599.2199999999999,"Loyal Customer"
15978,24,1,599.12,"Loyal Customer"
14295,110,2,598.8499999999999,"Churn Risk (Lost)"
18144,103,1,597.5,"Churn Risk (Lost)"
16208,20,2,597.15,"Loyal Customer"
13266,25,2,596.88,"Loyal Customer"
15631,22,1,596.6700000000001,"Loyal Customer"
15628,46,2,596.5699999999999,"Loyal Customer"
17768,60,3,595.27,Regular
14427,11,1,595.0999999999998,"Loyal Customer"
14771,1,2,594.6199999999999,"Loyal Customer"
15929,24,1,594,"Loyal Customer"
17673,10,1,593.84,"Loyal Customer"
12905,62,1,593.6600000000002,Regular
14209,18,2,592.35,"Loyal Customer"
15854,109,1,592.2,"Churn Risk (Lost)"
15665,15,1,591.43,"Loyal Customer"
16574,38,1,590.9099999999999,"Loyal Customer"
13610,25,3,589.5800000000002,"Loyal Customer"
17929,29,2,588.6,"Loyal Customer"
15944,106,1,588.4000000000001,"Churn Risk (Lost)"
14277,75,2,587.87,Regular
13026,22,2,586,"Loyal Customer"
15827,24,3,585.5500000000002,"Loyal Customer"
16841,48,2,585.2099999999999,"Loyal Customer"
16798,22,2,584.51,"Loyal Customer"
17853,116,1,584.3499999999999,"Churn Risk (Lost)"
15862,102,3,582.7199999999997,"Churn Risk (Lost)"
16802,59,2,582.6099999999999,"Loyal Customer"
13497,5,3,582.23,"Loyal Customer"
14608,109,2,581.22,"Churn Risk (Lost)"
17019,5,2,580.3699999999999,"Loyal Customer"
12514,21,1,580.08,"Loyal Customer"
15588,57,1,579.6,"Loyal Customer"
15959,62,3,579.49,Regular
14713,18,3,578.9400000000003,"Loyal Customer"
14478,62,2,578.6800000000002,Regular
16233,67,2,578.5,Regular
17001,4,1,577.2399999999999,"Loyal Customer"
16096,25,1,576.9000000000001,"Loyal Customer"
17063,21,2,574.8599999999998,"Loyal Customer"
17994,0,1,574.1900000000002,"Loyal Customer"
16704,52,1,573.81,"Loyal Customer"
13648,50,2,573.5300000000001,"Loyal Customer"
17930,10,2,570.8,"Loyal Customer"
17028,33,2,570.0900000000003,"Loyal Customer"
17293,53,3,569.9899999999999,"Loyal Customer"
17218,14,2,568.59,"Loyal Customer"
12440,97,1,568.5100000000002,Regular
13587,43,1,568.3,"Loyal Customer"
14790,99,2,567.96,Regular
13813,47,2,567.13,"Loyal Customer"
14987,98,4,566.7,Regular
12525,27,1,566.4299999999998,"Loyal Customer"
14370,5,2,566.4000000000001,"Loyal Customer"
16071,6,2,566.16,"Loyal Customer"
15091,54,2,565.9000000000001,"Loyal Customer"
15182,36,1,564.891,"Loyal Customer"
18151,25,1,564.2,"Loyal Customer"
17195,35,1,562.9799999999998,"Loyal Customer"
13772,34,1,562.5999999999998,"Loyal Customer"
12712,52,2,562.3800000000001,"Loyal Customer"
14320,41,2,562.2099999999999,"Loyal Customer"
13052,34,1,560.9699999999998,"Loyal Customer"
18177,8,2,554.5,"Loyal Customer"
14493,21,1,553.6999999999998,"Loyal Customer"
14061,104,2,553.4300000000001,"Churn Risk (Lost)"
16551,49,2,552.1299999999999,"Loyal Customer"
15240,114,1,549.77,"Churn Risk (Lost)"
12711,56,1,549.3,"Loyal Customer"
13136,111,1,549.09,"Churn Risk (Lost)"
12664,106,1,549.08,"Churn Risk (Lost)"
17083,48,1,548.9,"Loyal Customer"
13288,32,2,548.64,"Loyal Customer"
16326,8,2,547.8999999999999,"Loyal Customer"
13595,26,1,547.6900000000002,"Loyal Customer"
12701,13,1,547.3199999999999,"Loyal Customer"
14817,7,1,546.03,"Loyal Customer"
16365,11,2,545.92,"Loyal Customer"
13663,26,1,545.45,"Loyal Customer"
15965,1,3,544.6999999999999,"Loyal Customer"
15542,117,2,540.73,"Churn Risk (Lost)"
14431,67,1,537.25,Regular
12932,21,2,536.0200000000001,"Loyal Customer"
13092,8,2,534.3,"Loyal Customer"
13211,15,3,533.1000000000001,"Loyal Customer"
15521,83,1,531.72,Regular
14037,24,3,530.82,"Loyal Customer"
14154,75,1,530.3399999999999,Regular
16797,36,2,530.13,"Loyal Customer"
14484,17,2,528.6800000000001,"Loyal Customer"
14047,56,1,528.24,"Loyal Customer"
16242,14,1,527.48,"Loyal Customer"
15602,4,3,527.4000000000001,"Loyal Customer"
16393,38,2,527.31,"Loyal Customer"
13462,17,3,526.46,"Loyal Customer"
15027,4,1,525.3399999999999,"Loyal Customer"
15819,11,2,525.3199999999999,"Loyal Customer"
13728,40,3,523.84,"Loyal Customer"
13113,1,1,523.5300000000001,"Loyal Customer"
17802,106,2,522.9499999999999,"Churn Risk (Lost)"
12567,46,1,522.28,"Loyal Customer"
17426,40,1,521.96,"Loyal Customer"
13890,26,2,520.19,"Loyal Customer"
16325,80,3,519.6399999999999,Regular
16595,71,1,519.1800000000002,Regular
13769,38,2,518.8600000000001,"Loyal Customer"
14621,63,1,518.35,Regular
15152,81,1,518.1400000000001,Regular
13553,54,1,517.7999999999998,"Loyal Customer"
12979,109,1,517.7000000000002,"Churn Risk (Lost)"
17150,29,3,517.6800000000001,"Loyal Customer"
17442,42,1,517.5699999999999,"Loyal Customer"
15912,68,4,517.5399999999998,Regular
16860,42,1,517.12,"Loyal Customer"
12951,11,3,513.4499999999999,"Loyal Customer"
16612,116,1,510.86999999999995,"Churn Risk (Lost)"
15013,29,3,510.5799999999998,"Loyal Customer"
17050,29,2,510.46999999999997,"Loyal Customer"
13849,4,1,509.65,"Loyal Customer"
18009,6,2,509.6000000000003,"Loyal Customer"
17311,54,1,509.4600000000001,"Loyal Customer"
16947,26,1,508.3300000000001,"Loyal Customer"
12759,115,1,508.26000000000005,"Churn Risk (Lost)"
15518,62,2,505.53000000000003,Regular
13650,62,1,505.13,Regular
17534,32,1,502.20000000000005,"Loyal Customer"
14701,64,1,501.22999999999996,Regular
17460,32,2,501.1,"Loyal Customer"
14044,29,2,500.9599999999996,"Loyal Customer"
17069,116,1,500.5500000000001,"Churn Risk (Lost)"
14556,33,2,500.3799999999999,"Loyal Customer"
12366,13,1,500.24,"Loyal Customer"
15750,103,2,500.19,"Churn Risk (Lost)"
16434,59,2,499.17999999999995,Regular
16222,101,1,498.5,"Churn Risk (Lost)"
18245,3,2,497.91,Regular
13000,105,1,497.65000000000015,"Churn Risk (Lost)"
17222,21,3,496.88000000000005,Regular
16655,1,2,496.88,Regular
16182,20,1,495,Regular
13202,27,2,494.29999999999995,Regular
13480,59,1,493.94,Regular
12695,45,1,493.65999999999997,Regular
13183,15,1,493.44,Regular
18108,117,1,493.2500000000001,"Churn Risk (Lost)"
12873,61,1,492.40000000000003,Regular
16085,12,2,491.65999999999985,Regular
13287,34,2,486.90999999999997,Regular
16167,118,1,485.7900000000001,"Churn Risk (Lost)"
16834,54,1,485.5,Regular
12443,112,1,485.31000000000006,"Churn Risk (Lost)"
13897,57,1,482.66999999999996,Regular
17329,111,3,481.32,"Churn Risk (Lost)"
17201,47,1,480.81999999999994,Regular
16830,55,2,480.39,Regular
16466,22,1,479.90999999999985,Regular
15073,61,1,478.8999999999999,Regular
13800,116,1,478.69999999999993,"Churn Risk (Lost)"
13280,24,1,478.50000000000006,Regular
16568,21,1,477.30000000000007,Regular
15611,7,4,476.70000000000016,Regular
13382,14,2,476.0400000000001,Regular
16139,102,2,475.7400000000001,"Churn Risk (Lost)"
13259,56,3,475.57999999999987,Regular
15822,113,1,474.32000000000005,"Churn Risk (Lost)"
14177,31,2,473.74,Regular
14302,42,2,471.25000000000006,Regular
14562,21,2,469.7299999999999,Regular
14682,4,2,469.22,Regular
14369,22,2,469.13000000000005,Regular
17731,1,2,468.88000000000005,Regular
16702,34,2,468.0699999999999,Regular
17857,21,1,468,Regular
17294,49,2,467.7900000000001,Regular
14541,7,3,467.58,Regular
17825,105,3,467.46,"Churn Risk (Lost)"
15696,18,2,466.7,Regular
15784,52,1,466.18999999999994,Regular
16493,3,1,465.51,Regular
14413,62,2,465.5,Regular
17958,108,1,465.4199999999999,"Churn Risk (Lost)"
15990,12,2,465.33,Regular
13126,27,1,464.85,Regular
15272,43,1,464.56999999999994,Regular
13995,4,3,463.84999999999997,Regular
16124,112,1,463.0000000000001,"Churn Risk (Lost)"
18286,103,1,462.95,"Churn Risk (Lost)"
17584,63,1,462.04999999999995,Regular
17343,70,2,461.13000000000005,Regular
16723,115,1,460.5500000000001,"Churn Risk (Lost)"
16383,53,1,460.39,Regular
13203,11,2,460.22,Regular
12826,101,1,458.20000000000005,"Churn Risk (Lost)"
17307,11,3,457.92,Regular
15123,13,1,456.65999999999985,Regular
16823,7,2,455.3800000000001,Regular
13643,20,2,455.25,Regular
17667,34,1,454.69999999999993,Regular
17067,104,3,454.54,"Churn Risk (Lost)"
16481,62,1,453.38,Regular
17738,10,1,453.1699999999999,Regular
14538,63,1,452.6,Regular
15157,109,1,448.2000000000001,"Churn Risk (Lost)"
13020,39,1,448.0100000000001,Regular
18219,4,3,447.94000000000005,Regular
18201,102,1,447.53,"Churn Risk (Lost)"
14108,111,2,447.05000000000007,"Churn Risk (Lost)"
15971,104,2,446.28,"Churn Risk (Lost)"
13019,109,2,445.29999999999995,"Churn Risk (Lost)"
15493,34,1,445.00999999999976,Regular
17189,103,2,444.67000000000013,"Churn Risk (Lost)"
16960,27,1,443.97999999999985,Regular
14852,24,2,441.7899999999999,Regular
12975,113,1,441.63,"Churn Risk (Lost)"
17242,64,1,441.26,Regular
12468,62,1,441.22999999999996,Regular
15289,1,1,439.61999999999995,Regular
14979,115,1,439.45999999999987,"Churn Risk (Lost)"
14469,59,1,439.14999999999986,Regular
14679,111,1,438.74,"Churn Risk (Lost)"
14227,49,1,438.03,Regular
14426,25,1,437.24,Regular
12945,36,1,437.16,Regular
17178,111,1,436.7099999999998,"Churn Risk (Lost)"
15223,71,2,436.59999999999997,Regular
12993,11,2,436.44999999999993,Regular
17618,64,1,436.34999999999997,Regular
14123,113,1,436.17999999999995,"Churn Risk (Lost)"
13874,20,2,436.0300000000001,Regular
18029,22,1,433.77,Regular
16755,54,2,431.99,Regular
14042,105,1,431.9799999999999,"Churn Risk (Lost)"
13455,97,2,431.65000000000003,Regular
13929,38,2,430.61999999999995,Regular
14740,25,2,429.82,Regular
17348,19,1,429.8099999999999,Regular
13413,19,6,429.43999999999994,Regular
15563,60,1,428.79999999999995,Regular
17285,8,2,428.3399999999998,Regular
14285,38,2,427.84999999999997,Regular
18285,40,1,427,Regular
18152,26,1,426.69,Regular
17226,45,1,425.63,Regular
14233,24,1,425.3,Regular
15605,5,3,425.22,Regular
14839,84,1,425.06,Regular
12791,3,3,425.03999999999996,Regular
16978,46,2,424.5499999999999,Regular
17103,102,1,424.29999999999984,"Churn Risk (Lost)"
16541,115,1,424.0299999999999,"Churn Risk (Lost)"
13477,63,1,422.70000000000005,Regular
16137,60,1,422.7,Regular
12586,103,1,422.35,"Churn Risk (Lost)"
14425,102,2,422.2900000000001,"Churn Risk (Lost)"
17356,11,2,422.22999999999996,Regular
18226,24,1,421.4499999999999,Regular
13442,47,3,419.8699999999999,Regular
12924,18,4,419.23999999999995,Regular
16788,50,1,418.64999999999986,Regular
15860,7,3,416.49999999999966,Regular
14481,57,1,416.32,Regular
17552,7,1,415.92,Regular
13305,19,1,415.78000000000003,Regular
14745,17,1,415.30000000000007,Regular
12956,64,3,413.8199999999999,Regular
15861,60,1,413.7499999999999,Regular
12960,41,1,413.6699999999999,Regular
12853,52,1,412.99999999999994,Regular
15637,20,2,412.97999999999996,Regular
17662,41,2,412.9200000000001,Regular
15664,29,1,410.48,Regular
17801,71,1,409.6900000000001,Regular
14211,62,2,408.4,Regular
16450,36,1,408.2900000000001,Regular
16571,11,1,407.91,Regular
14507,29,2,407.8999999999999,Regular
18071,101,2,407.54999999999995,"Churn Risk (Lost)"
17141,64,2,406.43999999999994,Regular
17190,24,1,405.41999999999996,Regular
15941,17,1,405,Regular
15716,6,2,404.95,Regular
17547,45,1,404.54999999999995,Regular
15994,15,1,404.1599999999999,Regular
12800,56,2,403.33,Regular
13530,14,1,402.98,Regular
17588,17,1,402.50000000000006,Regular
15807,46,1,401.94,Regular
13787,35,2,401.42999999999995,Regular
17908,105,1,400.90999999999985,"Churn Risk (Lost)"
17011,27,2,400.8,Regular
14420,71,1,400.79999999999995,Regular
17137,57,2,400.3199999999998,Regular
13577,102,3,399.40000000000003,"Churn Risk (Lost)"
17362,28,3,399.0000000000001,Regular
12842,117,1,397.20000000000005,"Churn Risk (Lost)"
13276,22,1,396.82999999999976,Regular
18069,29,2,395.72999999999996,Regular
13879,25,1,395.5,Regular
13048,61,1,394.59999999999997,Regular
16769,105,2,394.46,"Churn Risk (Lost)"
13820,26,2,394.42,Regular
13652,32,1,393.96,Regular
14584,10,2,393.2099999999997,Regular
15137,60,1,392.82,Regular
15325,10,2,392.79999999999995,Regular
17955,35,2,392.6,Regular
17827,1,1,392.59000000000015,Regular
17361,56,2,392.44,Regular
14072,46,1,390.8500000000001,Regular
17155,1,3,390.35999999999996,Regular
17116,28,1,389.78000000000003,Regular
17270,112,1,389.62,"Churn Risk (Lost)"
17479,12,1,389.25999999999993,Regular
15224,26,2,389.2,Regular
15416,56,1,389.03000000000003,Regular
13896,5,1,388.55,Regular
15306,39,1,387.51000000000005,Regular
14026,5,1,386.5299999999999,Regular
17332,15,2,385.70999999999975,Regular
12649,73,2,385.5,Regular
14316,10,1,385.38,Regular
15573,32,2,384.42999999999995,Regular
17012,105,1,384.15999999999997,"Churn Risk (Lost)"
15789,3,1,383.75,Regular
13579,39,1,383.54999999999995,Regular
15967,34,3,383.0899999999999,Regular
17962,75,1,383.0199999999999,Regular
17568,13,1,382.7899999999998,Regular
17236,8,2,382.42999999999995,Regular
16934,1,1,382.19999999999993,Regular
15428,17,2,381.72,Regular
16304,74,1,381.6599999999999,Regular
17888,40,4,381.4399999999998,Regular
12726,4,1,381.36000000000007,Regular
12796,8,1,381,Regular
15981,0,1,381,Regular
15549,4,3,380.6500000000001,Regular
17043,110,1,380.35999999999996,"Churn Risk (Lost)"
17852,104,2,380.35999999999996,"Churn Risk (Lost)"
17419,0,2,380.1700000000001,Regular
16577,46,1,380,Regular
15219,28,1,379.7,Regular
12916,64,1,379.33000000000004,Regular
18162,112,1,379.15999999999997,"Churn Risk (Lost)"
14572,1,1,379.0399999999999,Regular
15571,6,2,379.0099999999999,Regular
13799,24,1,378.3,Regular
17227,12,2,377.55000000000007,Regular
12941,104,1,377.4900000000002,"Churn Risk (Lost)"
14651,11,2,376.84999999999997,Regular
15889,102,2,376.7699999999998,"Churn Risk (Lost)"
17773,70,1,376.25,Regular
13688,15,1,375.5,Regular
17810,48,2,374.80999999999995,Regular
17682,21,1,373.50000000000006,Regular
18078,8,1,372.74,Regular
18275,111,1,372.64000000000004,"Churn Risk (Lost)"
14905,26,2,371.9,Regular
14534,14,1,371.69999999999993,Regular
16158,3,5,371.4700000000001,Regular
14204,117,1,371.27000000000004,"Churn Risk (Lost)"
15765,46,1,370.6299999999999,Regular
13984,50,3,369.77,Regular
14441,70,1,369.43999999999994,Regular
13540,35,2,369.25,Regular
15477,29,1,368.4,Regular
16714,50,1,368.27,Regular
18149,15,1,367.29,Regular
14915,26,2,367.26000000000005,Regular
14018,25,1,367.15,Regular
12785,111,1,366.9,"Churn Risk (Lost)"
16098,41,2,366.63,Regular
14244,40,1,366.4200000000001,Regular
17880,19,2,365.99999999999994,Regular
14315,14,1,365.42999999999995,Regular
16631,31,1,365.33000000000004,Regular
17769,22,2,365.29999999999995,Regular
12542,20,1,364.7899999999999,Regular
13916,55,1,364.5,Regular
14078,1,1,364.4700000000001,Regular
16287,21,2,364.32,Regular
13842,41,3,364.1400000000001,Regular
14748,25,1,363.56000000000006,Regular
15393,73,2,363.21,Regular
17454,21,2,362.95,Regular
17180,14,2,362.94999999999993,Regular
13190,57,2,362.05000000000007,Regular
14324,73,1,361.81000000000006,Regular
13561,22,3,361.55000000000007,Regular
17757,18,3,361.33000000000004,Regular
13969,4,1,360.95,Regular
15562,106,1,360.50999999999993,"Churn Risk (Lost)"
18257,39,1,360.38000000000005,Regular
17945,76,3,360.34999999999997,Regular
15117,14,2,359.68999999999994,Regular
14142,26,1,359.53,Regular
17046,0,1,359.43999999999994,Regular
14754,70,1,359.15999999999997,Regular
15650,8,1,359.0799999999999,Regular
14130,108,1,358.3200000000001,"Churn Risk (Lost)"
13729,64,1,357.87999999999994,Regular
15694,112,1,357.87,"Churn Risk (Lost)"
12495,20,1,357.4,Regular
15584,50,1,357.03999999999985,Regular
12530,22,1,357,Regular
13234,52,2,356.94999999999993,Regular
15169,106,1,356.1700000000001,"Churn Risk (Lost)"
16846,19,1,355.86,Regular
14344,6,1,355.62000000000006,Regular
14479,113,1,355.12999999999994,"Churn Risk (Lost)"
16444,5,1,354.78999999999996,Regular
16774,41,1,354.7,Regular
13797,27,1,354.49,Regular
18283,1,3,354.4199999999998,Regular
16037,28,1,353.71999999999997,Regular
13057,11,1,353.49,Regular
16132,7,1,353.40000000000003,Regular
17780,47,3,352.90999999999974,Regular
16763,118,1,352.85,"Churn Risk (Lost)"
13765,33,1,352.82099999999997,Regular
14909,43,1,352.50000000000006,Regular
13727,31,3,352.19999999999993,Regular
15945,73,2,351.31999999999994,Regular
16192,115,1,351.3,"Churn Risk (Lost)"
13488,63,1,350.7299999999999,Regular
17289,17,2,349.78999999999985,Regular
14807,29,1,349.64000000000004,Regular
15084,25,1,349.40000000000003,Regular
14545,54,1,349.25,Regular
17577,25,2,348.75000000000006,Regular
15695,61,1,348.61,Regular
16191,108,1,348.6,"Churn Risk (Lost)"
12369,21,1,348.31999999999994,Regular
15882,56,2,347.93999999999994,Regular
15085,109,1,347.53999999999996,"Churn Risk (Lost)"
13252,5,1,346.90000000000003,Regular
13514,62,1,346.3,Regular
18199,63,1,344.75,Regular
17411,116,1,344.4,"Churn Risk (Lost)"
12418,10,1,343.9400000000001,Regular
15191,68,2,342.74999999999994,Regular
14989,41,1,342.40000000000003,Regular
17833,103,1,342.36,"Churn Risk (Lost)"
17350,56,1,342.251,Regular
17353,4,1,342,Regular
16177,27,1,341.73,Regular
16838,43,1,341.22999999999996,Regular
15420,57,3,340.43999999999994,Regular
13285,4,1,340.3,Regular
16206,64,1,340.17,Regular
13434,35,1,339.18,Regular
14644,116,1,338.50000000000006,"Churn Risk (Lost)"
17296,110,1,338.13,"Churn Risk (Lost)"
12869,61,1,337.66999999999996,Regular
16895,7,2,337.28999999999996,Regular
13154,115,1,337.1,"Churn Risk (Lost)"
17172,106,1,336.82000000000005,"Churn Risk (Lost)"
17488,21,1,336.50000000000006,Regular
15561,43,1,336.27,Regular
16273,28,2,336.04,Regular
17631,48,3,335.76000000000005,Regular
14958,6,2,335.66,Regular
17863,32,1,335.58000000000004,Regular
14966,103,2,335.12000000000006,"Churn Risk (Lost)"
15068,1,1,334.86999999999995,Regular
13329,115,1,334.65,"Churn Risk (Lost)"
15288,45,1,334.5,Regular
14873,13,1,334.45000000000005,Regular
17514,49,1,334.18000000000006,Regular
15227,13,1,334.08000000000004,Regular
17990,112,1,332.70000000000005,"Churn Risk (Lost)"
14137,75,1,332.7,Regular
16452,10,2,332.17,Regular
14949,28,3,330.77,Regular
14006,32,1,330.6599999999999,Regular
12609,99,1,330.59999999999997,Regular
15105,6,1,330.38000000000005,Regular
17345,118,1,329.90999999999997,"Churn Risk (Lost)"
18186,102,1,329.58,"Churn Risk (Lost)"
16436,48,3,329.34000000000003,Regular
16586,15,1,328.05,Regular
16109,78,1,327.6,Regular
13498,110,1,327.37999999999994,"Churn Risk (Lost)"
16108,11,1,327.19,Regular
16939,1,2,327.09,Regular
14070,64,1,326.54999999999995,Regular
18242,77,1,326.54,Regular
15956,106,1,326.4,"Churn Risk (Lost)"
17439,35,1,325.74,Regular
16293,108,1,325.64,"Churn Risk (Lost)"
15365,53,1,325.12,Regular
15064,97,1,324.99000000000007,Regular
16839,46,1,324.82,Regular
15070,104,1,324.8,"Churn Risk (Lost)"
14365,61,1,324.5000000000001,Regular
14167,4,2,324.2999999999999,Regular
14454,50,2,323.89999999999986,Regular
15149,29,2,323.83,Regular
14577,61,2,323.73999999999995,Regular
17320,67,1,323.66,Regular
16641,81,1,323.4,Regular
13025,111,1,323.39,"Churn Risk (Lost)"
14986,64,1,323.38000000000005,Regular
16471,32,1,323.38,Regular
15221,17,1,323.34999999999997,Regular
16195,103,1,323.25,"Churn Risk (Lost)"
14832,10,1,322.69,Regular
17047,111,1,322.65,"Churn Risk (Lost)"
14947,4,1,322.6,Regular
13111,98,1,321.88000000000005,Regular
17734,22,1,321.7,Regular
15658,116,1,321.65000000000003,"Churn Risk (Lost)"
14871,104,2,319.6499999999999,"Churn Risk (Lost)"
17998,117,2,319.18999999999994,"Churn Risk (Lost)"
13175,115,1,319.15,"Churn Risk (Lost)"
14851,10,1,318.06,Regular
12908,10,1,318,Regular
18253,22,1,317.88,Regular
16888,56,2,317.31,Regular
14686,39,2,316.9699999999999,Regular
17020,26,1,316.85999999999996,Regular
17624,99,1,316.83,Regular
13201,22,1,316.75,Regular
15366,31,1,316.5899999999999,Regular
15771,73,1,316.25,Regular
14549,117,1,316.21999999999997,"Churn Risk (Lost)"
15917,102,3,315.3299999999998,"Churn Risk (Lost)"
16748,25,3,314.85,Regular
12937,102,2,314.57,"Churn Risk (Lost)"
13781,101,1,314.44,"Churn Risk (Lost)"
18070,49,1,314.1,Regular
13087,106,1,313.64,"Churn Risk (Lost)"
18189,5,1,313.48999999999995,Regular
15162,111,1,312.9,"Churn Risk (Lost)"
16833,3,1,312.88000000000005,Regular
13905,112,1,312.65000000000003,"Churn Risk (Lost)"
13761,36,1,311.9,Regular
12648,20,2,311.79999999999995,Regular
16781,49,1,311.74999999999994,Regular
13531,116,1,311.70000000000005,"Churn Risk (Lost)"
13740,117,1,311.69,"Churn Risk (Lost)"
15192,59,1,311.24,Regular
14738,112,1,311.2,"Churn Risk (Lost)"
15362,118,1,310.75,"Churn Risk (Lost)"
13847,99,1,310.7199999999999,Regular
16439,102,1,310.70000000000005,"Churn Risk (Lost)"
16913,31,2,310.46999999999997,Regular
15188,105,1,310.42999999999995,"Churn Risk (Lost)"
16955,57,1,310.39,Regular
13315,69,1,310.26,Regular
13988,5,1,310.2,Regular
13628,56,1,310.14000000000004,Regular
14924,19,1,310.14000000000004,Regular
16600,101,1,310.01000000000005,"Churn Risk (Lost)"
17259,35,1,309.8699999999999,Regular
14461,70,1,308.3899999999999,Regular
18260,104,1,308.38,"Churn Risk (Lost)"
17071,64,1,308.01,Regular
15302,110,1,307.99999999999994,"Churn Risk (Lost)"
13289,103,1,307.95,"Churn Risk (Lost)"
14276,40,1,307.89,Regular
13304,49,1,307.85,Regular
15385,57,1,307.79999999999995,Regular
16451,115,1,307.65,"Churn Risk (Lost)"
17344,108,1,307.53999999999996,"Churn Risk (Lost)"
15791,21,1,307.33,Regular
14783,39,1,307.3,Regular
14301,46,1,307.25,Regular
17721,39,1,307.21000000000004,Regular
13036,64,1,307.1,Regular
13709,77,1,306.73999999999995,Regular
17251,104,1,306.40000000000003,"Churn Risk (Lost)"
13696,46,1,306,Regular
14133,113,1,305.5,"Churn Risk (Lost)"
12875,77,1,305.28,Regular
13627,20,1,304.4,Regular
18179,43,1,304.37999999999994,Regular
14872,13,1,303.98,Regular
17695,60,1,303.90000000000003,Regular
14480,98,1,303.85,Regular
15058,33,1,303.65000000000003,Regular
17582,3,1,303.55,Regular
17207,32,1,303.2200000000001,Regular
15259,62,1,302.55,Regular
15303,63,1,302.2,Regular
18134,74,1,302.15,Regular
14306,57,1,302.08,Regular
14854,66,1,302.06,Regular
18218,40,1,301.92,Regular
15606,27,1,301.9,Regular
14890,39,1,301.79,Regular
15441,110,1,301.57,"Churn Risk (Lost)"
17550,50,1,301.56000000000006,Regular
14152,39,1,301.31,Regular
18058,47,1,301.2,Regular
14897,104,1,301.15999999999997,"Churn Risk (Lost)"
14355,7,1,301.14,Regular
15797,61,1,300.68,Regular
13662,38,2,300.46999999999997,Regular
13706,6,1,300.37999999999994,Regular
12998,33,1,300.2,Regular
16511,28,1,300.1499999999999,Regular
17718,24,1,299.8299999999999,Regular
18188,3,1,299.75000000000006,Regular
14894,117,1,299.70000000000005,"Churn Risk (Lost)"
13513,35,1,299.64,Regular
12877,70,1,299.49,Regular
15422,50,1,298.99,Regular
18181,115,1,298.99,"Churn Risk (Lost)"
13600,14,1,298.9000000000001,Regular
17158,22,1,298.5,Regular
18212,57,1,298.3,Regular
15394,104,1,297.4,"Churn Risk (Lost)"
18057,70,1,297.32,Regular
15241,34,1,295.64,Regular
15630,24,1,295.05,Regular
15448,54,1,294.16999999999996,Regular
15265,118,1,294.14,"Churn Risk (Lost)"
17927,101,1,294,"Churn Risk (Lost)"
14821,11,3,293.65,Regular
15928,36,1,293.53000000000003,Regular
13431,39,1,293.45,Regular
17441,112,1,293.35,"Churn Risk (Lost)"
18196,12,1,292.9300000000001,Regular
13243,11,1,292.65999999999997,Regular
15266,66,2,292.20000000000005,Regular
17907,20,1,291.76,Regular
16615,6,1,291.5,Regular
16008,10,1,291.4500000000001,Regular
14472,69,1,291.38,Regular
13566,19,1,291.12,Regular
16987,103,2,290.90999999999997,"Churn Risk (Lost)"
15339,3,2,290.73,Regular
14555,101,1,290.65000000000003,"Churn Risk (Lost)"
13233,74,1,290.62999999999994,Regular
17432,7,2,289.35,Regular
16805,105,2,288.99999999999994,"Churn Risk (Lost)"
17978,77,2,288.9,Regular
15910,25,2,288.02000000000015,Regular
14238,42,2,287.38,Regular
17092,55,1,287.25999999999993,Regular
16611,19,1,287.04,Regular
14715,69,1,286.43,Regular
17176,57,1,286.34000000000003,Regular
14537,3,1,285.84000000000003,Regular
14402,32,1,285.6,Regular
15353,117,1,285.5900000000001,"Churn Risk (Lost)"
15434,64,1,285.34999999999997,Regular
12487,110,1,285.29999999999995,"Churn Risk (Lost)"
15141,1,1,284.64000000000004,Regular
16086,117,1,284.54999999999995,"Churn Risk (Lost)"
12909,33,1,284.10999999999996,Regular
17258,45,1,283.85,Regular
16078,49,1,283.79,Regular
15662,41,2,283.7300000000001,Regular
15338,57,1,283.4299999999999,Regular
13230,11,1,283,Regular
14198,40,2,282.89000000000004,Regular
13511,56,1,282.76,Regular
12987,68,1,282.33000000000004,Regular
16661,102,1,282.3,"Churn Risk (Lost)"
17072,5,1,282.05,Regular
16520,27,1,281.85999999999984,Regular
15022,57,1,281.05,Regular
15244,46,1,280.51,Regular
14729,5,2,280.3999999999999,Regular
14645,14,1,279.79999999999995,Regular
16593,99,2,278.73,Regular
16699,4,2,278.6999999999999,Regular
14837,64,1,277.67999999999995,Regular
17017,116,1,277.5,"Churn Risk (Lost)"
15290,33,1,277.12,Regular
13164,47,1,275.8,Regular
13976,48,1,275.40999999999997,Regular
15095,67,1,274.89,Regular
14957,24,1,274.79999999999995,Regular
14055,103,1,274.32000000000005,"Churn Risk (Lost)"
16807,3,1,274.05,Regular
16756,20,1,273.53999999999996,Regular
15964,43,1,272.96,Regular
16286,3,1,272.95,Regular
17338,19,1,272.16,Regular
15943,29,2,271.28999999999996,Regular
16282,98,1,270,Regular
18267,52,1,269.36999999999995,Regular
13589,113,1,269.15000000000003,"Churn Risk (Lost)"
15988,36,1,268.79999999999995,Regular
17268,13,2,268.49999999999994,Regular
13598,31,2,268.37,Regular
18190,59,2,268.32,Regular
13782,71,2,267.98,Regular
13971,62,1,267.21999999999997,Regular
12805,54,1,266.5,Regular
16502,0,2,266.49999999999994,Regular
16544,42,3,266.40000000000003,Regular
13770,25,2,264.33000000000004,Regular
15885,13,3,264.08,Regular
17438,21,1,263.72999999999996,Regular
17530,113,1,263.67999999999995,"Churn Risk (Lost)"
13128,11,1,263.5,Regular
16677,32,1,263.23,Regular
14467,13,2,262.94000000000005,Regular
13466,8,1,262.31,Regular
13948,28,2,262.31,Regular
17910,106,1,261.7,"Churn Risk (Lost)"
17159,25,1,261.29999999999995,Regular
16212,50,1,261,Regular
17244,113,1,260.65,"Churn Risk (Lost)"
12970,115,1,260.6399999999998,"Churn Risk (Lost)"
13900,4,1,260.5,Regular
15255,116,1,260.44,"Churn Risk (Lost)"
17476,117,1,260.36,"Churn Risk (Lost)"
15569,29,1,259.2,Regular
18085,8,1,258.75,Regular
13654,26,2,258.68000000000006,Regular
16859,25,1,257.77000000000004,Regular
15278,45,2,257.71999999999997,Regular
16014,57,1,257.7100000000001,Regular
14583,1,1,256.83,Regular
17860,108,2,256.69,"Churn Risk (Lost)"
14274,66,1,256.6,Regular
13825,1,2,255.58999999999992,Regular
16161,18,2,255.55,Regular
15055,103,1,255.36999999999992,"Churn Risk (Lost)"
16911,15,2,255.24999999999994,Regular
18220,104,1,253.64000000000001,"Churn Risk (Lost)"
12639,7,1,253.57999999999998,Regular
17068,1,1,253.44999999999996,Regular
16908,102,1,252.59,"Churn Risk (Lost)"
12948,110,2,252.48000000000002,"Churn Risk (Lost)"
18036,70,2,252.10000000000002,Regular
16952,108,1,252.04,"Churn Risk (Lost)"
13705,4,1,250.45,Regular
15231,1,1,250.25999999999993,Regular
17314,57,2,250.10000000000002,Regular
12638,19,1,249.79999999999995,Regular
16508,10,1,248.8,Regular
15918,11,1,248.64999999999995,Regular
14147,20,1,248.20000000000002,Regular
15293,45,1,247.50000000000003,Regular
13911,21,2,247.5,Regular
17323,32,2,247.25000000000003,Regular
14654,118,1,246.86,"Churn Risk (Lost)"
15697,69,1,246.75,Regular
18153,39,1,246.22,Regular
14423,74,1,244.79999999999998,Regular
16395,110,2,244.66,"Churn Risk (Lost)"
17027,33,2,244.25,Regular
12813,73,1,244.20000000000002,Regular
15713,103,1,243.85999999999999,"Churn Risk (Lost)"
14079,62,1,243.63,Regular
16794,4,1,243.02999999999992,Regular
13445,6,1,241.89999999999998,Regular
15884,116,1,241.8,"Churn Risk (Lost)"
16943,4,1,241.38,Regular
14202,4,1,241.20000000000002,Regular
13476,24,1,240.8,Regular
16166,71,1,239.84,Regular
17414,116,1,239.68,"Churn Risk (Lost)"
12663,4,2,239.4,Regular
17371,3,3,238.66000000000003,Regular
16280,105,1,238.04999999999998,"Churn Risk (Lost)"
17760,7,3,237.89,Regular
16136,43,1,237.42000000000002,Regular
14573,80,1,236.79999999999998,Regular
14087,115,1,236.69,"Churn Risk (Lost)"
17871,73,1,235.52,Regular
17726,32,2,235.26999999999995,Regular
13114,110,1,234.37999999999997,"Churn Risk (Lost)"
13009,52,1,234,Regular
13672,110,1,233.53,"Churn Risk (Lost)"
14205,22,1,232.65,Regular
17151,115,1,231.9,"Churn Risk (Lost)"
17136,42,1,231.67999999999998,Regular
15487,59,1,231.32000000000002,Regular
15109,115,1,231.2,"Churn Risk (Lost)"
16321,6,2,230.90000000000003,Regular
15446,8,2,230.76999999999992,Regular
12346,27,10,230.55,Regular
14997,35,1,230.39999999999998,Regular
13443,57,1,229.77000000000004,Regular
14596,6,1,229.4699999999999,Regular
17984,118,1,229.45999999999998,"Churn Risk (Lost)"
14942,18,2,229.10999999999999,Regular
17388,109,1,228.96,"Churn Risk (Lost)"
17066,106,1,228.34000000000003,"Churn Risk (Lost)"
13416,116,1,228.3,"Churn Risk (Lost)"
15774,36,1,228.27999999999997,Regular
15747,70,1,226.07999999999998,Regular
16441,7,1,225.74000000000004,Regular
12670,46,1,225.60000000000002,Regular
17142,64,1,225.50000000000006,Regular
17935,5,2,225.25,Regular
17472,8,1,224.80999999999992,Regular
16419,48,1,224.37999999999997,Regular
13985,48,1,224.35,Regular
14928,7,1,223.91,Regular
17560,40,1,223.2,Regular
18131,11,1,222.95999999999998,Regular
13795,17,1,222.5,Regular
16347,17,1,221.74000000000004,Regular
14497,53,1,221.69000000000003,Regular
14662,12,2,221.65,Regular
17087,117,1,221.53,"Churn Risk (Lost)"
14460,48,2,221.4,Regular
16693,36,1,220.55999999999997,Regular
17309,53,1,220.08999999999997,Regular
13454,21,1,219.86999999999998,Regular
16887,118,1,219.81999999999996,"Churn Risk (Lost)"
14074,3,1,219.4,Regular
18276,109,1,218.04999999999995,"Churn Risk (Lost)"
15295,34,1,217.2399999999999,Regular
15100,81,1,217.2,Regular
13980,36,1,216.9,Regular
13223,45,1,216.60000000000002,Regular
17002,21,2,216.35999999999999,Regular
14605,111,2,216.25,"Churn Risk (Lost)"
15845,62,1,216.04,Regular
17776,103,1,215.75,"Churn Risk (Lost)"
14376,63,1,215.46,Regular
12825,21,1,214.83,Regular
14106,117,1,214.79999999999998,"Churn Risk (Lost)"
15558,19,1,214.12999999999997,Regular
15489,73,1,214,Regular
16725,106,1,213.87999999999988,"Churn Risk (Lost)"
17048,70,1,213.53,Regular
16204,111,1,213.26999999999998,"Churn Risk (Lost)"
13724,17,1,213.00999999999993,Regular
16406,33,1,212.85,Regular
15878,113,1,212.13,"Churn Risk (Lost)"
12470,69,1,211.95000000000002,Regular
16792,84,1,211.28999999999996,Regular
17402,5,3,210.70000000000002,Regular
12577,116,1,210.55,"Churn Risk (Lost)"
16784,1,1,210.46999999999994,Regular
17271,116,1,210.38999999999996,"Churn Risk (Lost)"
15461,11,1,210,Regular
16777,12,1,209.87999999999997,Regular
14003,112,1,209.41,"Churn Risk (Lost)"
12870,4,1,209.29999999999995,Regular
16344,48,1,209.10000000000002,Regular
14471,112,1,208.83,"Churn Risk (Lost)"
16596,69,2,208.82999999999998,Regular
12848,55,1,208.00000000000003,Regular
16964,113,2,207.85,"Churn Risk (Lost)"
16447,40,1,206.82999999999998,Regular
14877,22,1,206.69999999999996,Regular
15164,70,1,206.38,Regular
14519,63,2,206.09000000000003,Regular
12399,24,1,205.97999999999996,Regular
16090,4,1,205.91,Regular
14602,36,1,205.35999999999999,Regular
14253,3,1,205.35,Regular
17368,104,1,205.32,"Churn Risk (Lost)"
13485,111,2,204.70000000000002,"Churn Risk (Lost)"
12857,63,1,204.6,Regular
14186,24,1,204.34,Regular
16901,109,1,204.26000000000002,"Churn Risk (Lost)"
14468,113,1,204.24000000000004,"Churn Risk (Lost)"
12416,36,1,202.56,Regular
13834,49,1,202.45,Regular
14892,70,1,202.35000000000002,Regular
14595,68,1,202.35,Regular
15766,62,1,201.6,Regular
12745,62,1,201.56,Regular
18016,61,1,201.20000000000002,Regular
14330,3,1,200.63,Regular
13944,33,1,200.43000000000004,Regular
14990,110,1,200.23999999999998,"Churn Risk (Lost)"
17245,69,1,200.17999999999998,Regular
16470,108,1,199.67999999999998,"Churn Risk (Lost)"
13851,59,1,199.29999999999998,Regular
17647,49,2,198.59999999999997,Regular
14805,1,1,197.78000000000003,Regular
17778,41,1,197.7,Regular
17623,105,1,197.05,"Churn Risk (Lost)"
16190,105,1,196.92,"Churn Risk (Lost)"
16018,112,1,195.78,"Churn Risk (Lost)"
13757,54,1,195.55,Regular
17065,17,2,194.7,Regular
17764,116,1,194.64999999999998,"Churn Risk (Lost)"
13544,24,1,194.32,Regular
16390,59,1,193.79999999999998,Regular
15437,20,1,193.29,Regular
13157,21,1,193.2,Regular
18271,111,1,192.54999999999998,"Churn Risk (Lost)"
15126,67,1,192.45,Regular
17561,113,1,192.27000000000004,"Churn Risk (Lost)"
14000,117,1,192,"Churn Risk (Lost)"
17076,18,2,191.74999999999997,Regular
15115,112,1,191.74,"Churn Risk (Lost)"
12402,50,1,191.7,Regular
17849,15,2,191.08,Regular
18135,14,1,190.89999999999998,Regular
12677,46,1,190.7,Regular
13684,1,1,190.53,Regular
14670,112,1,190.46999999999997,"Churn Risk (Lost)"
16310,22,1,190.38,Regular
17988,103,3,190.32000000000002,"Churn Risk (Lost)"
17807,84,1,189.67999999999998,Regular
18046,29,1,189.63000000000002,Regular
13008,103,1,189.31,"Churn Risk (Lost)"
16673,59,1,188.82999999999998,Regular
16277,113,1,188.69,"Churn Risk (Lost)"
16415,56,1,188.64999999999998,Regular
16051,61,1,188.44,Regular
13515,24,1,188.09999999999997,Regular
14131,28,1,187.86999999999995,Regular
14798,28,1,187.37,Regular
16549,1,1,186.23000000000002,Regular
16388,33,1,186.05000000000004,Regular
18247,11,1,186.00000000000003,Regular
16707,20,1,185.99000000000007,Regular
14879,64,1,185.06000000000003,Regular
13698,61,1,184.29999999999998,Regular
13835,5,2,183.95,Regular
16119,103,1,183.4,"Churn Risk (Lost)"
14983,69,1,183.2000000000001,Regular
13616,71,1,182.25,Regular
14940,113,1,182.01,"Churn Risk (Lost)"
14994,3,1,181.7,Regular
17587,8,1,181.66000000000003,Regular
12934,116,1,181.65,"Churn Risk (Lost)"
16822,66,1,181.39,Regular
15359,42,8,181.35,Regular
17006,24,1,180.80999999999997,Regular
14799,117,1,180.45,"Churn Risk (Lost)"
13275,12,1,180.15999999999994,Regular
13291,46,1,179.37,Regular
17233,104,1,179.36,"Churn Risk (Lost)"
15209,110,1,178.97999999999996,"Churn Risk (Lost)"
17182,98,1,178.5,Regular
16359,41,1,178.43,Regular
14826,75,1,177.9,Regular
16519,28,1,177.63,Regular
16254,12,1,177.44,Regular
13010,28,1,177.12,Regular
16285,26,1,176.89999999999995,Regular
18001,117,1,176.6,"Churn Risk (Lost)"
13150,10,1,176.51999999999998,Regular
14403,19,1,176.39999999999998,Regular
18175,55,1,176.09999999999997,Regular
13508,22,1,176.07999999999998,Regular
13249,25,2,176,Regular
18166,3,1,175.5,Regular
15483,64,1,175.25999999999996,Regular
17108,43,1,174.95,Regular
14013,3,1,174.20000000000002,Regular
17963,69,1,174.12000000000003,Regular
16731,28,1,174.05,Regular
15869,6,1,174.02,Regular
16720,102,1,173.21999999999997,"Churn Risk (Lost)"
13748,118,1,173.10000000000002,"Churn Risk (Lost)"
16741,5,1,173.06,Regular
17575,47,1,171.7,Regular
18097,102,1,171.26,"Churn Risk (Lost)"
17789,41,1,171.24999999999997,Regular
17542,21,2,170.94999999999993,Regular
17262,104,1,169.5,"Churn Risk (Lost)"
16002,5,1,169.21,Regular
12665,49,1,168.8,Regular
13101,61,1,168.55,Regular
17883,32,1,168.47999999999993,Regular
14681,24,2,168.00000000000003,Regular
14060,18,1,167.75,Regular
17051,8,1,167.64999999999992,Regular
14954,83,1,167.27000000000004,Regular
17875,68,1,167.1,Regular
16246,49,1,166.9,Regular
13484,19,1,165.78,Regular
16862,81,1,165.60000000000002,Regular
17200,32,2,165.06,Regular
14477,84,1,165,Regular
16663,109,1,165,"Churn Risk (Lost)"
12389,35,1,164.85,Regular
13191,38,1,164.69000000000003,Regular
15920,5,3,164.49,Regular
14043,109,1,164.30999999999997,"Churn Risk (Lost)"
17318,105,1,164.28,"Churn Risk (Lost)"
14955,112,1,163.76999999999998,"Churn Risk (Lost)"
17373,29,1,163.7,Regular
17660,117,1,163.46999999999997,"Churn Risk (Lost)"
15186,76,1,163.4,Regular
14107,110,1,163.26000000000002,"Churn Risk (Lost)"
13039,102,1,162.8,"Churn Risk (Lost)"
15181,111,1,162.72,"Churn Risk (Lost)"
12954,18,1,162.45,Regular
15552,3,1,162.39999999999998,Regular
15534,105,1,162.25,"Churn Risk (Lost)"
13333,38,1,162.17999999999998,Regular
15691,113,1,161.8,"Churn Risk (Lost)"
15499,103,1,161.6,"Churn Risk (Lost)"
15863,66,2,161.35,Regular
17487,108,1,160.54999999999998,"Churn Risk (Lost)"
16645,115,1,160.39,"Churn Risk (Lost)"
17171,41,1,159.68,Regular
12810,56,1,159.66000000000003,Regular
17290,3,2,158.99,Regular
12474,46,1,158.7,Regular
12898,39,1,158.32000000000002,Regular
12360,5,2,158,Regular
14207,67,1,157.8,Regular
17604,61,1,157.07999999999998,Regular
16578,6,1,156.6,Regular
17359,28,1,156.6,Regular
14672,60,1,155.85999999999999,Regular
12933,109,1,155.79000000000002,"Churn Risk (Lost)"
13240,32,2,155.3,Regular
16442,106,1,155.05999999999997,"Churn Risk (Lost)"
13877,69,1,154.83,Regular
17335,64,1,154.77,Regular
13490,34,1,154.25,Regular
13070,112,1,154.2,"Churn Risk (Lost)"
12594,26,1,154.14,Regular
14322,17,2,153.60000000000002,Regular
15423,1,1,153.54999999999998,Regular
17518,1,1,153.54999999999998,Regular
14512,112,1,153.28,"Churn Risk (Lost)"
14157,26,1,152.85,Regular
13551,46,1,152.39999999999998,Regular
15196,106,1,152.25,"Churn Risk (Lost)"
16266,53,1,152.17000000000002,Regular
16681,21,1,151.5,Regular
13482,7,1,151.45,Regular
14980,117,1,150.68,"Churn Risk (Lost)"
12840,54,1,150,Regular
13873,26,1,149.55,Regular
17866,105,1,149.5,"Churn Risk (Lost)"
13733,115,1,149.1,"Churn Risk (Lost)"
14714,67,1,149,Regular
14551,61,1,148.85,Regular
17592,118,1,148.3,"Churn Risk (Lost)"
13457,68,2,148.22,Regular
15504,45,1,147.70999999999998,Regular
12755,14,3,147.41,Regular
15479,113,1,147.39999999999998,"Churn Risk (Lost)"
17794,66,2,147.3,Regular
12765,21,1,147,Regular
13405,104,1,146.45999999999998,"Churn Risk (Lost)"
15496,11,1,146.14,Regular
16127,106,1,145.05999999999997,"Churn Risk (Lost)"
17591,71,1,144.09999999999997,Regular
14604,13,1,143.86,Regular
14574,112,1,143.7,"Churn Risk (Lost)"
16039,8,1,143.48,Regular
15989,117,1,143.11000000000004,"Churn Risk (Lost)"
17023,77,1,142.35,Regular
14172,18,2,142.2,Regular
14723,115,1,141.63000000000002,"Churn Risk (Lost)"
16660,74,1,141.6,Regular
17324,28,2,141.35999999999999,Regular
17163,55,1,141.24,Regular
12636,118,1,141,"Churn Risk (Lost)"
15324,81,1,140.22000000000003,Regular
16977,11,1,140.20000000000002,Regular
16387,18,1,140.19,Regular
13406,11,1,140.16,Regular
15848,1,1,139.94000000000003,Regular
15374,4,1,139.32000000000002,Regular
15577,103,2,139.1,"Churn Risk (Lost)"
12920,105,2,138.9,"Churn Risk (Lost)"
16668,11,1,138.54000000000002,Regular
15566,104,1,138.22,"Churn Risk (Lost)"
17982,60,1,138.18,Regular
17127,115,1,137.95,"Churn Risk (Lost)"
16773,113,1,137.75000000000003,"Churn Risk (Lost)"
13907,71,1,136.8,Regular
16099,26,1,136.5,Regular
17349,11,1,136.1,Regular
17854,111,1,135.94000000000003,"Churn Risk (Lost)"
14173,21,2,135.16,Regular
14171,110,1,135,"Churn Risk (Lost)"
13119,48,1,134.9,Regular
15124,31,1,134.03,Regular
17484,4,1,133.85000000000002,Regular
15879,102,1,133.34,"Churn Risk (Lost)"
17950,84,1,133.2,Regular
17301,4,1,132.79999999999998,Regular
17909,117,1,132.55,"Churn Risk (Lost)"
13217,35,1,132.5,Regular
14097,25,1,132,Regular
14122,108,2,131.58999999999997,"Churn Risk (Lost)"
15409,101,1,131.25,"Churn Risk (Lost)"
14378,1,1,131.24999999999997,Regular
13187,4,3,130.98999999999998,Regular
17421,115,1,130.8,"Churn Risk (Lost)"
16410,114,1,130.32,"Churn Risk (Lost)"
17818,117,1,130.17999999999998,"Churn Risk (Lost)"
12362,118,1,130,"Churn Risk (Lost)"
15317,57,1,129.75,Regular
12555,62,1,129.23,Regular
16414,74,1,129.08999999999997,Regular
17056,118,1,128.60000000000002,"Churn Risk (Lost)"
13117,3,1,128.22000000000003,Regular
15892,49,1,128.20000000000002,Regular
17228,17,1,128.06,Regular
16397,8,1,127.88,Regular
13283,20,1,127.8,Regular
13053,1,1,127.65,Regular
15682,67,1,127.47999999999999,Regular
16928,40,2,127.2,Regular
17867,62,3,126.88000000000002,Regular
13679,115,1,126.80000000000003,"Churn Risk (Lost)"
14751,64,2,126.45000000000002,Regular
15759,117,1,125.72999999999999,"Churn Risk (Lost)"
17804,118,1,124.95,"Churn Risk (Lost)"
14726,34,1,124.75,Regular
15927,27,1,123.39000000000003,Regular
15184,103,1,123.19000000000001,"Churn Risk (Lost)"
17298,21,1,122.02000000000001,Regular
18039,20,1,120.97000000000003,Regular
14884,49,1,120.6,Regular
15503,106,1,120.06,"Churn Risk (Lost)"
14241,76,1,120,Regular
14483,116,1,120,"Churn Risk (Lost)"
15008,17,1,120,Regular
14704,4,1,119.83999999999995,Regular
14057,116,1,119.54,"Churn Risk (Lost)"
15684,81,2,119.30000000000001,Regular
14838,116,1,119.10000000000001,"Churn Risk (Lost)"
15197,108,1,117.96000000000001,"Churn Risk (Lost)"
14115,46,1,117.80000000000001,Regular
16291,62,1,117.72,Regular
16197,103,1,117.30000000000001,"Churn Risk (Lost)"
17358,33,1,117.22,Regular
14762,6,1,117.04999999999998,Regular
13242,48,1,117,Regular
14984,77,1,117,Regular
17266,20,1,116.68,Regular
18012,103,1,115.3,"Churn Risk (Lost)"
14820,57,1,115.2,Regular
16992,46,1,114.88,Regular
17933,12,1,114.69,Regular
17322,116,1,114.55000000000001,"Churn Risk (Lost)"
14494,111,1,114.3,"Churn Risk (Lost)"
18148,26,1,114.1,Regular
17081,35,1,112.88000000000001,Regular
17281,53,1,112.5,Regular
18101,54,1,112.5,Regular
14750,116,1,112.03000000000002,"Churn Risk (Lost)"
14166,6,1,111.95000000000003,Regular
15875,26,1,111.71999999999998,Regular
16064,105,1,111.00000000000003,"Churn Risk (Lost)"
12692,17,1,110.95,Regular
16948,36,1,110.9,Regular
17740,21,2,110.70000000000002,Regular
14279,61,1,110.5,Regular
16385,11,1,110.26,Regular
15086,5,1,110.03000000000002,Regular
12361,62,1,109.19999999999999,Regular
18203,111,1,109.08000000000001,"Churn Risk (Lost)"
15660,52,1,109,Regular
16883,115,1,108.95,"Churn Risk (Lost)"
14818,27,1,108.5,Regular
15659,33,1,108.44000000000001,Regular
15323,41,1,108.19999999999999,Regular
13807,115,1,107.95,"Churn Risk (Lost)"
16840,54,1,107.75,Regular
14943,43,1,107.62,Regular
16301,116,1,107.33,"Churn Risk (Lost)"
16047,62,1,107.14,Regular
16666,1,1,106.96000000000001,Regular
16082,50,1,106.75000000000001,Regular
14637,57,1,106.67999999999998,Regular
15711,64,1,106.65,Regular
15850,106,1,106.65,"Churn Risk (Lost)"
16081,54,1,105.88,Regular
15642,109,1,105.78000000000003,"Churn Risk (Lost)"
16430,61,1,104.95,Regular
17328,53,1,104.7,Regular
17707,24,2,104.39999999999999,Regular
13487,114,1,103.95,"Churn Risk (Lost)"
13957,38,1,102.84,Regular
15924,111,1,102.82000000000001,"Churn Risk (Lost)"
13921,101,1,102.75,"Churn Risk (Lost)"
13619,54,1,102.74000000000001,Regular
15591,20,2,102.50000000000001,Regular
16487,39,1,102.19999999999999,Regular
18063,13,1,102,Regular
17325,21,1,101.9,Regular
15447,5,1,101.30000000000001,Regular
16524,71,1,101.29999999999998,Regular
15921,20,1,100.17999999999999,Regular
15580,50,1,99.69000000000001,Regular
16694,103,1,98.30000000000001,"Churn Risk (Lost)"
16892,111,1,97.55,"Churn Risk (Lost)"
13824,17,1,96.96,Regular
13104,33,1,96.66,Regular
13427,102,1,96.00000000000001,"Churn Risk (Lost)"
13793,26,1,96,Regular
15403,110,1,95.76,"Churn Risk (Lost)"
13433,76,1,95.19999999999999,Regular
16521,28,1,95.12000000000002,Regular
16412,53,1,94.55000000000003,Regular
12992,105,1,93.35000000000001,"Churn Risk (Lost)"
15082,48,1,93.35,Regular
13773,39,1,91.4,Regular
13392,57,1,91.14,Regular
16585,75,1,89.32,Regular
12789,73,1,89.25,Regular
17606,117,1,87.30000000000001,"Churn Risk (Lost)"
12891,6,2,84,Regular
14347,116,1,82.60000000000001,"Churn Risk (Lost)"
13469,33,1,82.4,Regular
13573,17,1,81.85,Regular
13700,48,2,81.55000000000001,Regular
14717,113,1,81.3,"Churn Risk (Lost)"
15198,69,1,80.8,Regular
15847,21,1,80.62,Regular
15833,117,1,80.4,"Churn Risk (Lost)"
14190,46,1,79.9,Regular
13403,103,1,78.6,"Churn Risk (Lost)"
16628,21,1,78,Regular
12570,62,1,77.52,Regular
16867,69,1,76.74000000000001,Regular
17436,112,1,76.5,"Churn Risk (Lost)"
14613,60,1,76.32000000000001,Regular
14710,110,2,73.5,"Churn Risk (Lost)"
16459,109,1,71.78999999999999,"Churn Risk (Lost)"
16970,6,1,71.4,Regular
18006,102,1,71.4,"Churn Risk (Lost)"
17763,33,3,71.15,Regular
18037,5,7,70.15,Regular
12568,24,1,70,Regular
16601,3,1,67.25,Regular
14119,98,1,66.48,Regular
16199,11,1,66,Regular
16583,53,1,64.5,Regular
14083,101,1,64.17,"Churn Risk (Lost)"
12404,62,1,63.24,Regular
17572,104,1,62.31,"Churn Risk (Lost)"
13208,116,1,61.120000000000005,"Churn Risk (Lost)"
15375,70,1,60.959999999999994,Regular
16605,104,1,60.48,"Churn Risk (Lost)"
14464,7,1,60,Regular
15250,20,1,60,Regular
17816,38,2,59.550000000000004,Regular
15371,42,1,59.400000000000006,Regular
15287,117,1,58.2,"Churn Risk (Lost)"
12466,62,1,56.73,Regular
12776,47,1,55.5,Regular
12860,73,1,55.47,Regular
17035,116,1,54.599999999999994,"Churn Risk (Lost)"
12496,0,2,54.09,Regular
14609,48,1,53.28,Regular
13591,105,1,53.2,"Churn Risk (Lost)"
16330,42,1,51.42999999999999,Regular
14495,39,1,51,Regular
17184,110,1,50.55,"Churn Risk (Lost)"
15094,24,1,50,Regular
17330,27,1,49.95,Regular
14380,62,1,48.96,Regular
16530,48,1,48.349999999999994,Regular
15698,4,1,46.2,Regular
15775,11,1,45.6,Regular
15672,105,1,45.300000000000004,"Churn Risk (Lost)"
17193,117,1,45,"Churn Risk (Lost)"
18002,111,1,44.32000000000001,"Churn Risk (Lost)"
17916,8,2,43.870000000000005,Regular
17847,25,1,40.65,Regular
15603,28,1,40,Regular
15903,74,1,39.8,Regular
14912,62,1,39.67,Regular
15512,56,1,39,Regular
15693,39,1,37.5,Regular
17352,76,1,36.25,Regular
15564,56,1,35.04,Regular
17536,62,1,34.78,Regular
17557,112,1,34,"Churn Risk (Lost)"
14977,105,1,31.929999999999996,"Churn Risk (Lost)"
14865,118,1,31.200000000000003,"Churn Risk (Lost)"
14819,98,1,30.64,Regular
17753,82,1,30.45,Regular
17319,49,1,29.1,Regular
15702,62,1,27.82,Regular
17246,118,1,23.48,"Churn Risk (Lost)"
16537,21,1,23.35,Regular
12606,62,1,21,Regular
15999,115,1,20.4,"Churn Risk (Lost)"
16535,60,1,20,Regular
13666,115,1,19.5,"Churn Risk (Lost)"
14191,108,1,15.9,"Churn Risk (Lost)"
12846,62,1,15.58,Regular
13585,118,1,12.75,"Churn Risk (Lost)"
17960,21,1,10.9,Regular
18115,77,1,9.7,Regular
14095,102,1,2.95,"Churn Risk (Lost)"
13584,55,1,1.3,Regular
14103,45,1,0,Regular
14827,45,1,0,Regular
